DOS012_VCAP_24H_X3_B3_DUO52HI53LO:C16	withaferin A	0.586905195846655
HOG003_A549_24H_X2_F1B10:K16	4-demethoxydaunorubicin	0.486643789250044
DOS004_VCAP_6H_X1_B3_DUO52HI53LO:M09	geldanamycin	0.478631312552724
CPC004_PC3_6H_X4_B4_DUO52HI53LO:N05	BISOPROLOL FUMARATE	0.462314750205688
KDB002_A549_96H_X3_B3_DUO52HI53LO:P18	pgw	0.439996250742041
AML001_U937_24H_X1_F1B10:O17	KUC105208KUC105208N	0.438081004801133
CPC007_HA1E_6H_X1_B3_DUO52HI53LO:I18	NCGC00188535-01	0.436003811745592
AML001_HL60_24H_X1_F1B10:P17	KUC105208KUC105208N	0.435853841427218
CPC014_HCC515_6H_X2_F1B3_DUO52HI53LO:P21	3203	0.43557629219217
CPC006_MCF7_24H_X5_B4_DUO52HI53LO:E13	Importazole	0.433472021162478
HOG003_A549_24H_X3_F1B10:E19	flavopiridol	0.423955154708964
AML001_U937_24H_X1_F1B10:C15	TAMOXIFEN	0.417158062466803
CPC006_A375_6H_X2_B3_DUO52HI53LO:P10	PX12	0.416422270592279
CPC006_PL21_6H_X2_F1B4_DUO52HI53LO:O02	APO866	0.415830721003135
HSF041_HEK293T_48H_X1_B12:P06	DSRED	0.41292296316354
CPC008_A375_24H_X2_F1B6_DUO52HI53LO:C02	NCGC00182828-01	0.412854226767619
CPC006_PC3_24H_X4_B4_DUO52HI53LO:J09	YM-155	0.412021058332205
CYT001_MCF7_2H_X3_B7_DUO52HI53LO:D21	IL29	0.411609681417219
KMS002_THP1_6H_X1_B5_DUO52HI53LO:A23	DMSO	0.411420135598163
CPC007_HT29_6H_X3_B3_DUO52HI53LO:E03	NCGC00188536-01	0.41095564419542
CPC006_HT115_6H_X1_B5_DUO52HI53LO:D24	NP-001236	0.410689551026359
CPC006_HA1E_6H_X1_B3_DUO52HI53LO:E13	Importazole	0.409594455264062
CPC014_HEPG2_6H_X1_F1B3_DUO52HI53LO:K08	STOCK2S-79598	0.408877930409606
ERG015_VCAP_24H_X1_B10_DUO52HI53LO:P21	wortmannin	0.40767556421125
KDB007_HT29_96H_X1_B2_DUO52HI53LO:C21	lacZ	0.407388121101032
AML001_U937_24H_X1_F1B10:K21	TREPROSTINIL	0.407073079286391
DOS008_VCAP_6H_X1_F1B6_DUO52HI53LO:C16	withaferin A	0.406977264916319
ERG004_VCAP_24H_X2_B1_DUO45HI44LO:I09	eMolecules, Inc Timtec:ST002281:Cpd 17	0.406623168331268
HOG003_A549_24H_X2_F1B10:K17	4-demethoxydaunorubicin	0.406043595538383
AML001_CD34_24H_X1_F1B10:G10	DMSO	0.405628573511493
AML001_HL60_24H_X1_F1B10:N18	KUC107191N	0.405550463970672
CRCGN001_HA1E_6H_X2_F1B4_DUO52HI53LO:I13	tributyl tin	0.4051911600829
CPC014_HCC515_6H_X3_F1B3_DUO52HI53LO:P21	3203	0.404788635582541
AML001_HL60_24H_X1_F1B10:F20	CARBAPROSTACYCLIN	0.403499307428738
KMS002_NOMO1_6H_X1_B5_DUO52HI53LO:P13	DMSO	0.402880679865443
KDA004_PC3_96H_X1_B1_DUO45HI44LO:L01	LUCIFERASE	0.402761953363397
CPC010_MCF7_24H_X2_B5_DUO52HI53LO:I17	JAS07_002	0.402600006248763
CPC006_A549_6H_X2_B3_DUO52HI53LO:G14	auranofin	0.400838896468407
CPC020_VCAP_24H_X1_F1B5_DUO52HI53LO:P19	anafranil	0.400808694112624
KDB002_A549_96H_X3_B3_DUO52HI53LO:O18	pgw	0.400137472791843
CPC012_MCF7_24H_X3_B5_DUO52HI53LO:K14	OSSK_645683	0.400026036513607
CPC006_PL21_6H_X2_F1B4_DUO52HI53LO:J02	AZD2281 (KU59436)	0.399344921317656
LJP001_MDAMB231_24H_X3_B2_DUO52HI53LO:B12	AV-951:Tivozanib	0.39932877867922
CPC006_NCIH508_6H_X2_B5_DUO52HI53LO:N18	mw-A1-12	0.399175683979212
CPC006_A549_6H_X2_B3_DUO52HI53LO:B19	COT-10b	0.397487997167227
HOG003_MCF7_6H_X3_F1B10:E04	arachidonyl-trifluoro-methyl-ketone	0.397396348639332
DEB001_MCF7_24H_X3_F1B6_DUO52HI53LO:C21	withaferin-a	0.39681261000427
LJP001_SKBR3_24H_X1_B3_DUO52HI53LO:D11	HG-5-88-01	0.3962439725471
AML001_HL60_24H_X1_F1B10:P07	2-(4-NITRO-PHENYLAMINO)-BENZOICACID	0.394636998927296
DEB001_PC3_6H_X1_F1B6_DUO52HI53LO:C21	withaferin-a	0.394518793155521
CPC008_A375_24H_X2_F1B6_DUO52HI53LO:L03	DM-55-3 BRD-K81592585	0.39449171518137
CPC006_PC3_24H_X3_F1B3_DUO52HI53LO:J09	YM-155	0.393005030254429
CPC008_A375_24H_X2_F1B6_DUO52HI53LO:N03	AT-CSC-18 BRD-K01121114	0.392495756048282
AML001_U937_24H_X1_F1B10:N16	UTMB00042	0.39202918172445
AML001_HL60_24H_X3_F1B10:P17	KUC105208KUC105208N	0.391199658400941
CPC014_HCC515_6H_X1_F1B3_DUO52HI53LO:P21	3203	0.390704443912142
CPC007_A375_6H_X1_B3_DUO52HI53LO:E03	NCGC00188536-01	0.39055499432404
CPC014_HA1E_6H_X1_F1B3_DUO52HI53LO:P21	3203	0.390520626126079
CPD001_MCF7_24H_X2_B6_DUO52HI53LO:C16	Disulfiram	0.390507607869276
AML001_U937_24H_X1_F1B10:K22	TREPROSTINIL	0.390457617763151
AML001_U937_24H_X1_F1B10:F23	MRE-269	0.390075922473677
CPC006_AGS_6H_X2_B4_DUO52HI53LO:C02	SB 216763	0.389962924004624
CPD003_MCF7_24H_X3.L2_B6_DUO52HI53LO:O15	Scopolamine hydrochloride	0.389345858632146
DOSBIO002_A549_24H_X2_B11:G22	BRD-K22563530	0.389235463814453
KMS002_NOMO1_6H_X1_B5_DUO52HI53LO:I23	DMSO	0.388351784542643
CPC006_EFO27_6H_X1_F1B4_DUO52HI53LO:C16	MENADIONE	0.388250242139576
HDAC002_PC3_6H_X5_B7_DUO52HI53LO:B22	HDACi1,2 + 3_mix	0.388205459336173
DOS004_VCAP_6H_X2_B3_DUO52HI53LO:C16	withaferin A	0.388076318228684
CPC009_PC3_6H_X2_B3_DUO52HI53LO:E23	terazosin	0.387817515283433
CPC006_SW620_6H_X1_F2B4_DUO52HI53LO:E13	Importazole	0.387600370759954
LJP003_MDAMB231_1H_X1_B6_DUO52HI53LO:C20	IL1	0.387477999146002
AML001_U937_24H_X1_F1B10:N18	KUC107191N	0.387146814692925
KMS002_THP1_6H_X1_B5_DUO52HI53LO:B23	DMSO	0.386042866516002
CPC014_HEPG2_6H_X3_F1B3_DUO52HI53LO:M23	STK397047	0.385928826586405
CPC010_PC3_24H_X2_B5_DUO52HI53LO:O19	sdm25n	0.385572126349993
AML001_CD34_24H_X1_F1B10:P08	2-(4-NITRO-PHENYLAMINO)-BENZOICACID	0.385296660036035
CPC011_PC3_24H_X5_B5_DUO52HI53LO:B10	pterostilbene	0.384673866630563
CPC006_A549_6H_X5_B4_DUO52HI53LO:G14	auranofin	0.384509315864568
CPC006_HCC515_6H_X1_B4_DUO52HI53LO:G14	auranofin	0.383740197252627
AML001_HL60_24H_X2_F1B10:N05	KUC107191N	0.383528260031869
CPC006_PC3_6H_X2_B3_DUO52HI53LO:G14	auranofin	0.383389225049209
DOS020_VCAP_6H_X1_F1B6_DUO52HI53LO:C16	withaferin A	0.383278830231517
CPC006_HCT116_6H_X2_B5_DUO52HI53LO:B06	CI 976	0.383156979347837
CPC006_A549_6H_X3_B3_DUO52HI53LO:G14	auranofin	0.382759141419927
DOS003_VCAP_24H_X3_B3_DUO52HI53LO:F18	DMSO	0.382535748133182
CPC008_PC3_24H_X1_B5_DUO52HI53LO:O19	NCGC00238551-02	0.382411293598142
AML001_HL60_24H_X2_F1B10:J11	TREPROSTINIL	0.382118122454931
DOSBIO002_HT29_24H_X3_B11:E03	BRD-K52006320	0.381737989356273
CPC006_EFO27_6H_X1_F1B4_DUO52HI53LO:O20	BIBR1532	0.381157895833116
CPC001_PC3_6H_X3_B3_DUO52HI53LO:L17	KU14R	0.380915235526302
CPC011_PC3_6H_X1_B3_DUO52HI53LO:K04	nizatidine	0.380847540590925
PCLB001_PC3_24H_X2.A2_B11_DUO52HI53LO:C16	KUC111109N	0.38081213093242
NMH002_NPC_24H_X2_B6_DUO52HI53LO:H24	KCl	0.380501254959956
CPC010_PC3_24H_X2_B5_DUO52HI53LO:N21	6-aminoindazole	0.380171111967423
CPC006_A673_6H_X2_B4_DUO52HI53LO:E13	Importazole	0.380074776867078
CPC010_PC3_24H_X2_B5_DUO52HI53LO:O20	brucine	0.379583728220456
KDA009_PC3_96H_X1_B1_DUO45HI44LO:O18	pgw	0.379449379810246
CPD001_MCF7_6H_X1.A2_B6_DUO52HI53LO:I23	Betamethasone	0.37889636426124
ERG015_PC3_6H_X2_B10_DUO52HI53LO:E05	fulvestrant	0.378450098418021
CPC002_HA1E_24H_X3_B3_DUO52HI53LO:J12	Camptothecin	0.37843499724013
DOS023_VCAP_6H_X1_F1B6_DUO52HI53LO:M09	geldanamycin	0.377845530572074
CPC006_PL21_6H_X2_F1B4_DUO52HI53LO:P01	gemcitabine	0.377692435872067
CPC006_A375_6H_X2_B3_DUO52HI53LO:G14	auranofin	0.377684624917985
AML001_HL60_24H_X1_F1B10:J09	1,25-DIHYDROXYVITAMIND3	0.377601308074444
CPC002_PC3_6H_X3_B3_DUO52HI53LO:G09	Cinalukast	0.377262833397557
ERGK018_VCAP_168H_X1_B1_DUO44HI45LO:B16	LOC392265	0.376855622324748
HDAC002_PC3_6H_X1_B7_DUO52HI53LO:D20	1458	0.376729605598892
ERG015_VCAP_24H_X1_B10_DUO52HI53LO:O22	wortmannin	0.376709817848551
AML001_HL60_24H_X1_F1B10:C04	TAMOXIFEN	0.376559326799904
HDAC002_PC3_6H_X5_B7_DUO52HI53LO:M23	DMSO	0.376542663431196
CPC012_MCF7_6H_X3_B4_DUO52HI53LO:I03	6943474	0.376272404419959
AML001_U937_24H_X1_F1B10:D23	DAUNORUBICIN	0.376213561899207
KDB002_A549_96H_X3_B3_DUO52HI53LO:P20	pgw	0.375942782157698
CPC005_PC3_24H_X5_B5_DUO52HI53LO:A17	DMSO	0.375695435278434
CPC005_PC3_24H_X5_B5_DUO52HI53LO:A20	HEXYLRESORCINOL	0.375564211249857
KDB005_A549_96H_X2_F1B3_DUO52HI53LO:M16	lacZ	0.375535571084889
AML001_HL60_24H_X1_F1B10:N21	WORTMANNIN	0.374972140930441
HDAC002_PC3_6H_X5_B7_DUO52HI53LO:C24	DMSO	0.374627417490288
CPC006_A375_6H_X3_B3_DUO52HI53LO:C08	Pimozide	0.37410304210625
OEB003_PC3_96H_X3_B4_DUO52HI53LO:M15	lacZ	0.374083775086181
AML001_HL60_24H_X1_F1B10:N06	KUC107191N	0.37402753621679
MUC.CP005_MCF7_24H_X2_B7_DUO52HI53LO:A05	DMSO	0.373952030327331
HOG002_A549_24H_X2_F1B10:M04	daunorubicin	0.373730199231402
DOSBIO001_A375_24H_X1_B11:I24	BRD-K71151012	0.373704683448068
ERG015_VCAP_24H_X1_B10_DUO52HI53LO:E23	DMSO	0.373594809360647
CPC008_A375_24H_X2_F1B6_DUO52HI53LO:H06	KUC103874 KUC103874N	0.373535966839896
NMH002_NPC_24H_X2_B6_DUO52HI53LO:K24	NaCl	0.373329757652131
CPD002_PC3_24H_X3_B6_DUO52HI53LO:I03	Estradiol-17 beta	0.373224049406888
CPC014_PC3_6H_X4_B5_DUO52HI53LO:P24	T018500	0.373152188629334
CPC008_A375_24H_X2_F1B6_DUO52HI53LO:J03	MLS-0454415.0001	0.373138128911986
CPC008_A375_24H_X2_F1B6_DUO52HI53LO:O02	2-Chloro-7-methoxyphenothiazine	0.372803820077276
DOS005_VCAP_24H_X1_B2_DUO52HI53LO:G19	DMSO	0.372629896166384
DOS014_VCAP_24H_X1_B2_DUO53HI52LO:C16	withaferin A	0.372246638686093
CPC011_PC3_24H_X5_B5_DUO52HI53LO:A06	troxipide	0.371810266718045
HDAC002_PC3_6H_X5_B7_DUO52HI53LO:L23	DMSO	0.371650923254772
KDA010_PC3_144H_X2_B1_DUO44HI45LO:C10	GFP	0.371511367541841
PCLB001_MCF7_6H_X1_F2B6_DUO52HI53LO:F04	MW-shh-151	0.371171330674137
HOG002_MCF7_6H_X1_F1B10:J03	teniposide	0.371143731969714
RAD001_A549_6H_X3_F1B5_DUO52HI53LO:H18	CAMPTOTHECIN	0.371021360355763
LJP003_MDAMB231_1H_X1_B6_DUO52HI53LO:A21	H2O	0.370814109707454
CPC013_PC3_6H_X4_B5_DUO52HI53LO:I21	A3656	0.370787552463575
CPC002_HA1E_6H_X1_B3_DUO52HI53LO:M01	MECLOFENAMATE SODIUM	0.370710484383299
KDB002_A549_96H_X3_B3_DUO52HI53LO:P19	pgw	0.370561555525469
ERG005_VCAP_6H_X1_B1_UNI5253R:K22	withaferin-a	0.370339203699268
CPC006_MCF7_24H_X5_B4_DUO52HI53LO:L12	ISOLIQUIRITIGENIN	0.370046032556057
CPC005_PC3_24H_X5_B5_DUO52HI53LO:A18	DMSO	0.370042908174424
ERG005_VCAP_6H_X1_B1_UNI5253L:N04	alvespimycin	0.370040304523063
CPC012_MCF7_24H_X3_B5_DUO52HI53LO:I21	6162847	0.370011143627824
CPC013_PC3_6H_X4_B5_DUO52HI53LO:L19	NP-004276	0.369658088503317
CPC009_MCF7_6H_X1_B3_DUO52HI53LO:E24	lamivudine	0.369381580728814
NMH002_NPC_24H_X2_B6_DUO52HI53LO:G24	KCl	0.369232651870984
CPC010_PC3_24H_X2_B5_DUO52HI53LO:N23	tremulacin	0.369208177548194
KDA007_HEPG2_96H_X1_B6_DUO52HI53LO:O17	pgw	0.368756183671982
HOG003_A549_24H_X3_F1B10:I18	menadione	0.36846040887741
DOS018_VCAP_6H_X2_F1B6_DUO52HI53LO:C16	withaferin A	0.368439579666524
CPC006_U937_6H_X2_B5_DUO52HI53LO:B24	6-diazo-5-oxo-l-norleucine	0.368362511586249
LJP003_MDAMB231_1H_X1_B6_DUO52HI53LO:D19	SCF	0.368203688853248
CPC011_PC3_24H_X5_B5_DUO52HI53LO:A13	bifemelane	0.368203168122976
CPC008_A375_24H_X2_F1B6_DUO52HI53LO:O03	2-(2H-benzo[b][1,4]oxazin-4(3H)-yl)-N-benzyl-8-methoxyquinazolin-4-amine KUC106573N	0.368028723481811
CPC006_MCF7_6H_X1_B3_DUO52HI53LO:M01	NICARDIPINE HYDROCHLORIDE	0.367883439735886
KDA008_HT29_96H_X1_B3_DUO52HI53LO:B24	LUCIFERASE	0.367446547037565
AML001_CD34_24H_X1_F1B10:F12	MRE-269	0.367313760818171
KDB010_A549_96H_X1_B3_DUO52HI53LO:L01	TOMM70A	0.366844582842979
CPC008_A375_24H_X2_F1B6_DUO52HI53LO:E03	VU0420363-1	0.366611816411335
ERGK018_VCAP_120H_X2_B1_DUO44HI45LO:G17	GFP	0.365423509930326
PCLB001_PC3_24H_X2.A2_B11_DUO52HI53LO:L20	MW-shh-250	0.365349045501411
NMH002_NPC_24H_X2_B6_DUO52HI53LO:L23	NaCl	0.365290723710932
CPC020_VCAP_24H_X1_F1B5_DUO52HI53LO:P12	glyburide	0.364625751153418
HOG002_MCF7_6H_X1_F1B10:D07	SID-26681509	0.364551286724502
CPC006_PC3_24H_X5_B4_DUO52HI53LO:J09	YM-155	0.364438808985722
LJP001_MCF10A_6H_X3_B3_DUO52HI53LO:E09	PD173074	0.364424749268374
CPD001_MCF7_24H_X2_B6_DUO52HI53LO:M22	Dihydroergotamine tartrate	0.364062841729241
HSF044_HEK293T_48H_X2_B12:K02	BCR-ABL	0.36402586987992
PCLB001_PC3_24H_X2.A2_B11_DUO52HI53LO:C19	MW-shh28	0.363938387194201
KDA009_PC3_144H_X3_B1_DUO45HI44LO:L05	GFP	0.363629073412554
CPC006_PC3_24H_X1_B4_DUO52HI53LO:J09	YM-155	0.363458794613566
AML001_CD34_24H_X1_F1B10:F10	ILOPROST	0.363135421114571
CPC011_A375_6H_X1_B3_DUO52HI53LO:G12	carmofur	0.36311563336423
CPC014_PC3_6H_X4_B5_DUO52HI53LO:O24	S2001	0.363098969995522
CPD002_MCF7_24H_X1_B6_DUO52HI53LO:I20	Mesoridazine besylate	0.362904216873744
CPD001_MCF7_24H_X2_B6_DUO52HI53LO:P05	Scopolamin-N-oxide hydrobromide	0.36280579885231
ERG004_VCAP_24H_X1_B1_DUO45HI44LO:J02	UnTrt	0.362472531478145
KMS002_THP1_6H_X1_B5_DUO52HI53LO:N22	DMSO	0.362236640664868
CPC001_HA1E_6H_X3_B3_DUO52HI53LO:A17	DMSO	0.362028348556015
CPD003_MCF7_24H_X3.L2_B6_DUO52HI53LO:B18	DMSO	0.362013247378123
HOG002_MCF7_6H_X1_F1B10:D08	SID-26681509	0.36178308459784
CPC006_H1299_6H_X2_B4_DUO52HI53LO:E13	Importazole	0.361631031358377
PCLB001_MCF7_24H_X1_B7_DUO52HI53LO:H23	STK721917	0.361613847259397
CPC011_PC3_24H_X2_B3_DUO52HI53LO:K16	ezetimibe	0.361601870463138
PCLB001_MCF7_24H_X1_B7_DUO52HI53LO:K22	curcumin	0.361136858330122
ERG004_VCAP_24H_X1_B1_DUO45HI44LO:M02	UnTrt	0.360613524406628
CPC011_PC3_24H_X5_B5_DUO52HI53LO:A09	salbutamol	0.360533331944719
CPC012_HA1E_6H_X1_F1B3_DUO52HI53LO:H10	MLS-0435531.0001	0.360201106031098
CPC014_PC3_24H_X1_B5_DUO52HI53LO:B23	1219-1259	0.360189649965111
AML001_U937_24H_X1_F1B10:E21	ILOPROST	0.360093835595038
ASG001_PC3_24H_X2_B7_DUO52HI53LO:H05	vorinostat	0.359810558326998
CPC006_A375_6H_X5_B4_DUO52HI53LO:G14	auranofin	0.359192451493975
HDAC002_MCF7_24H_X4_B7_DUO52HI53LO:O21	7232	0.358974265509951
CPC013_PC3_6H_X4_B5_DUO52HI53LO:M21	495455	0.358889907205865
KMS002_THP1_24H_X1_B5_DUO52HI53LO:H24	DMSO	0.358751392953478
CPC008_A375_24H_X2_F1B6_DUO52HI53LO:D03	NCGC00241732-01	0.3586519334715
CPC011_PC3_24H_X4_B5_DUO52HI53LO:K24	adenosine, n-(2-hydroxycyclopentyl)-, (1s-trans)- [cas]	0.358631104260615
CPC008_A375_24H_X2_F1B6_DUO52HI53LO:M04	KUC104491 KUC104491N	0.358509253376936
CPC005_PC3_24H_X5_B5_DUO52HI53LO:A22	HOMATROPINE BROMIDE	0.358401462210604
CPC013_NPC_24H_X1_B7_DUO52HI53LO:A03	geldanamycin	0.358187962799029
CPC011_MCF7_24H_X5_B5_DUO52HI53LO:A14	methyltestosterone	0.358161405555151
DOS014_VCAP_6H_X4_F1B6_DUO52HI53LO:C16	withaferin A	0.358093189889501
CPC006_PC3_6H_X4_B4_DUO52HI53LO:E13	Importazole	0.357817723575542
CPC008_A375_24H_X2_F1B6_DUO52HI53LO:G02	NCGC00182608-01	0.357463106260219
AML001_HL60_24H_X2_F1B10:F11	MRE-269	0.357458940418042
AML001_CD34_24H_X1_F1B10:I11	TREPROSTINIL	0.357453212385049
HOG002_A549_6H_X1_F1B10:J03	teniposide	0.356986117330945
CPC006_SNGM_6H_X1_B5_DUO52HI53LO:G04	Promethazine hydrochloride	0.35653828929691
CPD002_PC3_24H_X3_B6_DUO52HI53LO:N02	Merbromin	0.356414876222414
CPC008_PC3_24H_X3_B5_DUO52HI53LO:M23	"4-(6-methoxynaphthalen-2-yl)-N,N-diphenyl-1H-1,2,3-triazole-1-carboxamide"	0.356295108259824
MUC.CP005_MCF7_24H_X2_B7_DUO52HI53LO:I15	UnTrt	0.356233662087712
CPC006_HCC515_6H_X1_B4_DUO52HI53LO:K12	GF-109203X	0.356063904018996
ERG015_VCAP_6H_X1_B10_DUO52HI53LO:N24	DMSO	0.356057134525458
CPC006_A375_6H_X2_B3_DUO52HI53LO:C16	MENADIONE	0.356007665149606
CPC011_PC3_24H_X5_B5_DUO52HI53LO:B23	clofazimine	0.355497870213187
LJP001_SKBR3_24H_X1_B3_DUO52HI53LO:F16	GW-5074	0.355248440412835
HOG003_A549_24H_X1_F1B10:M03	endo-IWR-1	0.355174496714192
CPC006_NCIH1694_6H_X1_B5_DUO52HI53LO:C16	MENADIONE	0.355105239587998
OEB004_PC3_96H_X4_B5_DUO52HI53LO:B23	eGFP	0.354830294004312
CPD001_MCF7_24H_X1_B6_DUO52HI53LO:D01	Zaprinast	0.354687613909747
CPC002_PC3_6H_X3_B3_DUO52HI53LO:I19	O-1918	0.354610545829471
CPD002_MCF7_24H_X2_B6_DUO52HI53LO:E02	Medrysone	0.354503275393412
CPC006_HEPG2_6H_X4_B4_DUO52HI53LO:I01	(S)-(-)-Bay K 8644	0.354340807548506
CPC006_A549_6H_X1_B3_DUO52HI53LO:G14	auranofin	0.354199168914486
CPC008_A375_24H_X2_F1B6_DUO52HI53LO:G05	NCGC00238536-01	0.353905997771274
MUC.CP005_MCF7_6H_X3_B7_DUO52HI53LO:F06	UnTrt	0.353847675980795
HDAC002_MCF7_24H_X1_B7_DUO52HI53LO:F06	F-1458	0.353711244649496
CYT001_VCAP_4H_X1_B7_DUO52HI53LO:D19	IL28A	0.353495141586561
DOSBIO001_A375_24H_X1_B11:A15	BRD-K86048057	0.353457128276695
NMH002_NPC_24H_X2_B6_DUO52HI53LO:C24	UnTrt	0.353417552776013
AML001_HL60_24H_X3_F1B10:A15	SECURININE	0.353403493058665
CPC013_PC3_6H_X4_B5_DUO52HI53LO:J21	7888015	0.353381101656964
PCLB001_A375_24H_X1.A2_B11_DUO52HI53LO:D20	MW-shh28	0.353291536050157
ERG004_VCAP_24H_X1_B1_DUO45HI44LO:K05	Antipyrine, 4-hydroxy	0.353281642174986
CPC006_PC3_24H_X2_B4_DUO52HI53LO:J09	YM-155	0.35323373498995
AML001_HL60_24H_X1_F1B10:A04	SECURININE	0.353193118028723
CPC004_VCAP_24H_X2_B5_DUO52HI53LO:F24	COLFORSIN	0.353150938876681
ERG015_VCAP_24H_X2_B10_DUO52HI53LO:F24	DMSO	0.353145210843687
ERG015_VCAP_24H_X1_B10_DUO52HI53LO:P22	wortmannin	0.352850998239932
AML001_HL60_24H_X2_F1B10:M22	WORTMANNIN	0.352848394588571
HOG002_A549_24H_X1_F1B10:M05	daunorubicin	0.3527749716202
AML001_HL60_24H_X3_F1B10:C15	TAMOXIFEN	0.352644268321895
CPC004_A375_6H_X3_B3_DUO52HI53LO:N21	ERYTHROSINE SODIUM	0.35243076891032
CPC001_PC3_6H_X3_B3_DUO52HI53LO:L20	BENZO[a]PYRENE	0.352286526624939
CPD003_MCF7_24H_X3.L2_B6_DUO52HI53LO:C10	Butylparaben	0.352246430393985
CPD003_MCF7_24H_X3.L2_B6_DUO52HI53LO:J05	Alfaxalone	0.35218185984024
DOS005_VCAP_6H_X3_B3_DUO52HI53LO:C16	withaferin A	0.352145408721191
HSF044_HEK293T_48H_X2_B12:I06	BCR-ABL	0.352091252772889
HOG002_A549_24H_X1_F1B10:M04	daunorubicin	0.352077193055541
PCLB001_PC3_24H_X2.A2_B11_DUO52HI53LO:E19	MW-shh-151	0.351961590935127
HOG003_A549_24H_X3_F1B10:G18	chemistry-1571	0.351794436517772
CPC002_PC3_6H_X3_B3_DUO52HI53LO:N10	DMSO	0.351762671971172
CPC004_PC3_24H_X1_B3_DUO52HI53LO:O23	TENIPOSIDE	0.351723617200762
HOG002_MCF7_6H_X1_F1B10:C07	BMS-536924	0.351590830981368
MUC.CP003_MCF7_24H_X1_B7_DUO52HI53LO:D03	SA792574	0.351523656776263
KMS002_NOMO1_6H_X1_B5_DUO52HI53LO:A13	DMSO	0.351421072912653
CPC008_A375_24H_X2_F1B6_DUO52HI53LO:K05	KUC104139 KUC104139N	0.351378373030338
LJP001_MDAMB231_24H_X3_B2_DUO52HI53LO:D16	HKI-272:Neratinib	0.351253918495298
CPC007_PC3_24H_X3_B5_DUO52HI53LO:E23	NCGC00188035-01	0.351253397765026
MUC.CP002_NKDBA_24H_X1_B7_DUO52HI53LO:A11	SA83006	0.351148210250055
ERGK018_VCAP_120H_X1_B1_DUO44HI45LO:N23	RFP	0.351050833689166
AML001_HL60_24H_X2_F1B10:M21	WORTMANNIN	0.350995115550047
DOS011_VCAP_24H_X2_B3_DUO52HI53LO:C16	withaferin A	0.350801924619086
HSF043_HEK293T_48H_X1_B12:K04	BCR-ABL	0.350776929566023
CPC004_A375_6H_X3_B3_DUO52HI53LO:F20	SELAMECTIN	0.35074204063779
CPC006_A375_6H_X3_B3_DUO52HI53LO:D14	STAT3 Inhibitor VI, S31-201	0.350603526385403
CPC010_PC3_24H_X2_B5_DUO52HI53LO:P22	rimcazole	0.350394713546277
AML001_U937_24H_X1_F1B10:O20	2-(4-NITRO-PHENYLAMINO)-BENZOICACID	0.350293691873483
HOG002_MCF7_6H_X1_F1B10:N21	vorinostat	0.350206209187765
MUC.CP002_MCF7_24H_X3_B7_DUO52HI53LO:K02	SA1459172	0.350174965371437
CPC015_MCF7_6H_X2_B4_DUO52HI53LO:D05	PREDNISOLONE ACETATE	0.350162467844906
LJP001_MDAMB231_24H_X3_B2_DUO52HI53LO:J14	GW-572016:Lapatinib,Tykerb	0.349863047938429
KDC002_A375_96H_X2_B5_DUO52HI53LO:N03	MKI67IP	0.349666732625834
MUC.CP003_NKDBA_24H_X2_B7_DUO52HI53LO:D19	SA1922975	0.349559462189775
CPC011_PC3_24H_X5_B5_DUO52HI53LO:C09	vesamicol	0.349304304356429
LJP001_SKBR3_6H_X2_B3_DUO52HI53LO:F04	NVP-TAE684	0.349281912954728
CPC007_PC3_24H_X3_B5_DUO52HI53LO:I21	NCGC00183223-01	0.349122048761183
MUC.CP006_MCF7_6H_X1_B7_DUO52HI53LO:P21	UnTrt	0.349052791634989
CPD001_PC3_24H_X1_B6_DUO52HI53LO:B22	Alprenolol hydrochloride	0.348927295639405
CPC006_HCT116_6H_X2_B5_DUO52HI53LO:A03	geldanamycin	0.348820545933617
CPC007_PC3_24H_X3_B5_DUO52HI53LO:G22	NCGC00183336-01	0.348721607181912
CPC006_NCIH508_6H_X1_B5_DUO52HI53LO:E18	sirolimus	0.348615898936669
CPC014_PC3_24H_X4_B5_DUO52HI53LO:P17	A8674	0.348607567252315
CPC011_MCF7_6H_X1_B3_DUO52HI53LO:P13	rosiglitazone hcl	0.348594028265239
DOSBIO002_A549_24H_X1_B11:J07	BRD-K27865298	0.348453951822035
PCLB001_MCF7_6H_X1_F2B6_DUO52HI53LO:E02	AT1-Shh-09	0.348361782563868
CPC012_MCF7_6H_X3_B4_DUO52HI53LO:M14	7332649	0.348357095991418
CPC002_PC3_6H_X3_B3_DUO52HI53LO:M17	METOPROLOL TARTRATE	0.348299294931211
KDA002_PC3_96H_X2_B1_DUO44HI45LO:D11	LUCIFERASE	0.348285235213864
OEB003_PC3_96H_X3_B4_DUO52HI53LO:L08	UnTrt	0.348192024495152
CPC012_A549_6H_X1_F1B3_DUO52HI53LO:E08	T542500	0.348112352763515
LJP004_MDAMB231_3H_X4_B6_DUO52HI53LO:A17	H2O	0.348080067486643
CPC006_MCF7_6H_X4_B4_DUO52HI53LO:E13	Importazole	0.347984773846843
CPC001_PC3_24H_X3_B3_DUO52HI53LO:A12	Gibberellic acid	0.347827513304658
CPD001_MCF7_6H_X1.A2_B6_DUO52HI53LO:K22	Tetracycline hydrochloride	0.347809808475406
LJP001_MDAMB231_24H_X2_B2_DUO52HI53LO:P02	THZ-2-98-01	0.347806684093773
CPD001_MCF7_24H_X2_B6_DUO52HI53LO:O21	Trimethobenzamide hydrochloride	0.347657755235943
LJP003_MDAMB231_1H_X1_B6_DUO52HI53LO:C12	IL1	0.347369270665181
CPC011_A375_6H_X1_B3_DUO52HI53LO:G11	loratadine	0.347344275612118
OEB003_PC3_96H_X3_B4_DUO52HI53LO:P08	C19orf10	0.347315114716879
CPC009_PC3_24H_X1_F1B4_DUO52HI53LO:P04	(4-(2,5-di(furan-2-yl)pyrazolo[1,5-a]pyrimidin-7-yl)piperazin-1-yl)(furan-3-yl)methanone KUC106884N	0.347304700111436
CPC020_VCAP_24H_X1_F1B5_DUO52HI53LO:P15	cytoxan	0.347186494339662
AML001_U937_24H_X1_F1B10:J22	1,25-DIHYDROXYVITAMIND3	0.347063081265166
HDAC002_MCF7_24H_X1_B7_DUO52HI53LO:E07	SC HDAC3 Selective	0.346892802466179
CPC004_VCAP_24H_X3_F1B5_DUO52HI53LO:A07	L-701,324	0.346742832147804
CPD003_MCF7_24H_X3.L2_B6_DUO52HI53LO:A20	Diacerein	0.346628271487935
RAD001_HCC515_6H_X1_F1B5_DUO52HI53LO:H17	CAMPTOTHECIN	0.346577760651538
CPC004_PC3_6H_X4_B4_DUO52HI53LO:N06	FAMCICLOVIR	0.346547037565482
DOSBIO001_NPC_24H_X3_B12:J23	BRD-K60796852	0.346380403878399
HDAC002_PC3_6H_X5_B7_DUO52HI53LO:D19	PCI-Negative Control	0.346363740509691
DOS030_VCAP_6H_X3_F1B6_DUO52HI53LO:C16	withaferin A	0.34632208208792
CPC006_NCIH508_6H_X2_B5_DUO52HI53LO:M22	sb 225002	0.345888313771233
CPC005_PC3_24H_X4_B5_DUO52HI53LO:B08	ML 9 hydrochloride	0.345810204230413
CPC003_PC3_24H_X3_B3_DUO52HI53LO:G16	TEMEFOS	0.345732615419865
CPC011_PC3_6H_X1_B3_DUO52HI53LO:J06	felbamate	0.345721159353878
HOG003_A549_24H_X2_F1B10:K18	4-demethoxydaunorubicin	0.345620658411356
CPC008_A375_24H_X2_F1B6_DUO52HI53LO:K04	NCGC00182220-01	0.34541184557223
HOG002_A549_6H_X3_F1B10:G04	COT-10B	0.345269165477666
DOS017_VCAP_6H_X4_F1B6_DUO52HI53LO:C16	withaferin A	0.345169185265416
DEB001_PC3_6H_X2.A2_B6_DUO52HI53LO:C21	withaferin-a	0.34514575240317
PCLB001_PC3_24H_X2_F2B6_DUO52HI53LO:C19	MW-shh28	0.345080661119153
RAD001_HCC515_6H_X2_F1B5_DUO52HI53LO:H17	CAMPTOTHECIN	0.344795821660296
AML001_HL60_24H_X3_F1B10:N10	WORTMANNIN	0.344782282673221
AML001_HL60_24H_X1_F1B10:N16	UTMB00042	0.344778637561316
DOSBIO002_A549_24H_X2_B11:C12	BRD-K78528600	0.344778116831044
CPC014_PC3_24H_X4_B5_DUO52HI53LO:O03	7287-0921	0.344675532967433
PCLB001_PC3_24H_X2.A2_B11_DUO52HI53LO:E20	MW-shh-151	0.344640644039201
CYT001_HCC515_4H_X3_B7_DUO52HI53LO:J24	BLANK	0.344562013768108
CPC006_A549_6H_X5_B4_DUO52HI53LO:M13	Akt inhibitor IV	0.34453545652423
CPC008_A375_24H_X2_F1B6_DUO52HI53LO:O05	NCGC00241419-01	0.344483904227288
CPC006_HCT116_6H_X2_B5_DUO52HI53LO:A11	carbamazepine	0.3444500567596
CPC004_PC3_6H_X4_B4_DUO52HI53LO:K24	fulvestrant	0.344434434851436
CPC020_PC3_24H_X5_B5_DUO52HI53LO:B23	ethacrynic acid	0.344193336735438
PCLB001_MCF7_24H_X1_B7_DUO52HI53LO:O06	DMSO	0.343978795863319
DOS012_VCAP_24H_X2_B3_DUO52HI53LO:C16	withaferin A	0.343963694685427
CPC004_HA1E_24H_X1_B3_DUO52HI53LO:D05	MITOMYCIN C	0.343810079255147
HDAC002_PC3_6H_X5_B7_DUO52HI53LO:C22	HDACi1,2 + 3_mix	0.343706453930993
ASG001_PC3_24H_X4_B7_DUO52HI53LO:O01	alvespimycin	0.343694997865006
CPC006_PC3_6H_X3_B3_DUO52HI53LO:G14	auranofin	0.34358616523813
CPC004_HA1E_24H_X3_B3_DUO52HI53LO:D15	ANTIPYRINE	0.343557525073163
HSF041_HEK293T_48H_X1_B12:P12	RENILLA	0.343426301044585
KMS002_NOMO1_6H_X1_B5_DUO52HI53LO:P10	DMSO	0.343160728605797
HOG001_MCF7_6H_X3_F1B10:D23	DMSO	0.343123756756475
CPC005_VCAP_6H_X1_F1B3_DUO52HI53LO:C13	Oxprenolol hydrochloride	0.343026900925858
CPC003_PC3_6H_X5_F1B5_DUO52HI53LO:J21	TELMISARTAN	0.343026380195586
CPC006_SW480_6H_X1_F2B4_DUO52HI53LO:E13	Importazole	0.342954519418032
KMS002_THP1_6H_X1_B5_DUO52HI53LO:B24	DMSO	0.342584800924817
MUC.CP003_MCF7_24H_X1_B7_DUO52HI53LO:J03	SA1922257	0.342531686437059
CPC006_EFO27_6H_X1_F1B4_DUO52HI53LO:B12	Rosiglitazone	0.342467115883315
CPC014_HCC515_6H_X2_F1B3_DUO52HI53LO:P01	EI-231	0.342409314823108
DOS009_VCAP_6H_X3_B3_DUO52HI53LO:M09	geldanamycin	0.342178631312553
CPC020_PC3_24H_X5_B5_DUO52HI53LO:B21	carbamazepine	0.342142180193503
PCLB001_MCF7_6H_X1_F2B6_DUO52HI53LO:C19	MW-shh28	0.342047407283975
CPC001_PC3_6H_X3_B3_DUO52HI53LO:H17	OMDM-2	0.34196565263125
KDB003_HCC515_96H_X1_B3_DUO52HI53LO:H01	LUCIFERASE	0.341884939439069
DOS001_VCAP_6H_X3_B3_DUO52HI53LO:M09	geldanamycin	0.341875045563899
NMH002_NPC_24H_X2_B6_DUO52HI53LO:J24	Butyrolactone 3	0.341871400451994
CPC020_VCAP_24H_X1_F1B5_DUO52HI53LO:P09	brimonidine	0.341592809756402
HDAC002_PC3_6H_X5_B7_DUO52HI53LO:M19	PCI-Negative Control	0.341549589143815
CPC010_A549_6H_X1_B4_DUO52HI53LO:E03	2-Dichloromethyl-4-ethylsulfanyl-6-phenyl-[1,3,5]triazine MLS-0208612.0001	0.341542819650278
CPC014_PC3_24H_X4_B5_DUO52HI53LO:O04	S1172	0.341533967235651
CPC006_NCIH508_6H_X1_B5_DUO52HI53LO:H20	Parthenolide	0.34152875993293
CPC006_PC3_24H_X2_F1B3_DUO52HI53LO:J09	YM-155	0.341351711640404
CPC011_PC3_24H_X5_B5_DUO52HI53LO:O03	nifedipine	0.341305887376457
DOS026_VCAP_24H_X2_B3_DUO52HI53LO:G20	olaparib	0.341245482664889
DOSBIO002_MCF7_24H_X1_B11:E07	BRD-K63827443	0.340968454160114
CPC006_SNGM_6H_X1_B5_DUO52HI53LO:E10	PROMAZINE HYDROCHLORIDE	0.340935127422698
NMH002_NPC_24H_X2_B6_DUO52HI53LO:M17	Pregnenolone 	0.340858059342422
CPC006_A375_6H_X1_B3_DUO52HI53LO:P10	PX12	0.340851289848884
CPC011_PC3_24H_X5_B5_DUO52HI53LO:A08	levosulpiride	0.340729438965205
CPC003_PC3_24H_X3_B3_DUO52HI53LO:J20	DH 97	0.340712775596496
HOG002_A549_6H_X2_F1B10:J03	teniposide	0.340575302804653
LJP003_MDAMB231_1H_X1_B6_DUO52HI53LO:B23	MSP	0.340468553098866
KMS002_THP1_6H_X1_B5_DUO52HI53LO:M24	DMSO	0.340428977598184
MUC.CP004_MCF7_24H_X3_B7_DUO52HI53LO:H05	SA243193	0.340269634134911
DOSBIO001_A375_24H_X1_B11:H24	BRD-K27622376	0.340246201272665
RAD001_PC3_6H_X2_F1B5_DUO52HI53LO:H07	AZD6244	0.340218602568242
DOSBIO001_NPC_24H_X3_B12:H22	BRD-K90143908	0.339841593851217
CPC009_PC3_6H_X2_B3_DUO52HI53LO:I23	methylprednisolone	0.339737968527062
CPC011_PC3_24H_X5_B5_DUO52HI53LO:A05	flurbiprofen	0.339662462637603
ERG003_VCAP_6H_X1_B1_DUO44HI45LO:C14	AnalyticonDiscovery:NP-013597:Cpd 5	0.339453129068205
CPD001_MCF7_24H_X2_B6_DUO52HI53LO:A10	Moroxidine hydrochloride	0.339304200210375
DOS022_VCAP_6H_X1_F1B6_DUO52HI53LO:G03	genistein	0.33929326487466
PCLB001_A375_24H_X1.A2_B11_DUO52HI53LO:D23	KUC111109N	0.339249523531801
CPC006_MCF7_6H_X5_B4_DUO52HI53LO:P10	PX12	0.339209427300847
CPC006_RMUGS_6H_X1_B5_DUO52HI53LO:B19	COT-10b	0.339183911517512
CPC003_VCAP_6H_X3_B5_DUO52HI53LO:I24	Cyclopenthiazide	0.33911986169404
CPC008_HCC515_6H_X3_F1B3_DUO52HI53LO:P24	KUC104137 KUC104137C	0.339017798560701
CPC010_HEPG2_6H_X3_B4_DUO52HI53LO:I05	tert-butyl 4-(benzo[d]thiazol-2-yl)phenyl(methyl)carbamate GSuz-2	0.338932398796072
CPC020_VCAP_24H_X4_B5_DUO52HI53LO:B05	albendazole	0.338826690550828
CPC010_PC3_24H_X2_B5_DUO52HI53LO:P19	thiophene, 5-bromo-2-(4-fluorophenyl)-3-[4-(methylsulfonyl)phenyl]- [cas]	0.338819400327019
HSF040_HEK293T_48H_X2_B12:B05	ETV6-FLT3	0.338731396911028
CPC008_MCF7_24H_X5_B5_DUO52HI53LO:O03	"2-(2H-benzo[b][1,4]oxazin-4(3H)-yl)-N-benzyl-8-methoxyquinazolin-4-amine KUC106573N"	0.338687134837897
CPC011_MCF7_6H_X1_B3_DUO52HI53LO:D08	vinorelbine	0.338651204449119
HSF040_HEK293T_48H_X2_B12:D03	MSN-ALK	0.338474156156594
CPC010_MCF7_6H_X4_F1B5_DUO52HI53LO:K24	balsalazide	0.338423645320197
AML001_HL60_6H_X2_B11:M05	KUC107191N	0.338356471115092
ERG011_VCAP_24H_X3_B7_DUO52HI53LO:N11	AZD-6244	0.338229412928691
HDAC002_MCF7_24H_X1_B7_DUO52HI53LO:B06	F-1458	0.338186192316104
CPC006_SNUC5_6H_X1_B5_DUO52HI53LO:P10	PX12	0.338182547204199
HSF044_HEK293T_48H_X1_B12:J06	BCR-ABL	0.338182026473927
DOSBIO001_A375_24H_X1_B11:B12	BRD-K41700431	0.338123704683448
CPD003_MCF7_24H_X3.L2_B6_DUO52HI53LO:M09	DMSO	0.338121621762359
CPC011_VCAP_24H_X5_B5_DUO52HI53LO:P05	pravastatin	0.337969047792624
KDA007_PC3_96H_X1_B1_UNI4445L:B09	GFP	0.337913329653506
CPC006_SNGM_6H_X1_B5_DUO52HI53LO:F03	Chemistry 1735	0.337885210218811
KDA008_A375_96H_X1_B3_DUO52HI53LO:B12	C14orf181	0.33787531634364
CPC007_PC3_6H_X4_F1B5_DUO52HI53LO:C19	methyl 2-({5-nitro-2-furyl}methylene)hydrazinecarboxylate	0.337859694435476
CPC020_PC3_24H_X5_B5_DUO52HI53LO:M22	deprenalin	0.337813349441256
RAD001_HCC515_6H_X1_F1B5_DUO52HI53LO:H18	CAMPTOTHECIN	0.337722221643633
AML001_CD34_24H_X1_F1B10:F09	ILOPROST	0.337706079005197
CYT001_PC3_4H_X2_B7_DUO52HI53LO:O16	HF1	0.337670669346692
CPC011_PC3_6H_X1_B3_DUO52HI53LO:J07	pioglitazone hcl	0.33764098772118
CPC012_HCC515_6H_X1_B4_DUO52HI53LO:A14	15-delta prostaglandin J2	0.337626928003833
CPC002_VCAP_6H_X1_F1B5_DUO52HI53LO:C05	BD 1047 dihydrobromide	0.337615471937846
CPC020_VCAP_24H_X1_F1B5_DUO52HI53LO:N08	tamoxifen	0.33755298430519
KDB010_PC3_144H_X2_B1_DUO52HI53LO:K23	lacZ	0.337525385600767
PCLB001_PC3_24H_X2.A2_B11_DUO52HI53LO:K20	MW-shh-250	0.337496224705527
CPC006_U937_6H_X2_B5_DUO52HI53LO:E24	cjd-fun-4-2	0.337475395494642
CRCGN001_HA1E_6H_X1_F1B4_DUO52HI53LO:L06	6-mercaptopurine monohydrate	0.337387392078651
HDAC002_PC3_6H_X5_B7_DUO52HI53LO:B21	7232	0.3372967850113
CPD003_MCF7_24H_X3.L2_B6_DUO52HI53LO:G05	Cefoxitin sodium salt	0.337225444964018
LJP001_MCF10A_6H_X2_B2_DUO53HI52LO:O02	THZ-2-98-01	0.337166602443266
AML001_HL60_24H_X1_F1B10:E09	ILOPROST	0.337136400087483
DOS002_VCAP_6H_X2_B3_DUO52HI53LO:M09	geldanamycin	0.337014028473531
HSF044_HEK293T_48H_X1_B12:N03	BCR-ABL	0.33694529207761
CPC006_PL21_6H_X2_F1B4_DUO52HI53LO:P11	1541B	0.336920817754819
CPD003_MCF7_24H_X3.L2_B6_DUO52HI53LO:C08	Felbinac	0.336892698320124
CPD002_PC3_24H_X1_B6_DUO52HI53LO:A21	Amphotericin B	0.336792718107874
AML001_HL60_24H_X1_F1B10:N15	UTMB00042	0.336700548849707
LJP003_MCF7_3H_X1_B6_DUO52HI53LO:A03	MSP	0.336677115987461
DOS006_VCAP_24H_X3_B3_DUO52HI53LO:G19	DMSO	0.336603172288818
CPD001_MCF7_6H_X1.A2_B6_DUO52HI53LO:O21	Trimethobenzamide hydrochloride	0.336557868755142
LJP001_MDAMB231_24H_X3_B2_DUO52HI53LO:D10	HG-5-113-01	0.336419354502755
CPC006_CORL23_6H_X2_B5_DUO52HI53LO:E13	Importazole	0.336377175350712
CPC010_PC3_24H_X2_B5_DUO52HI53LO:O21	oxyphenonium	0.336334996198669
CPD002_PC3_24H_X3_B6_DUO52HI53LO:L03	Loracarbef	0.33630583530343
KDB002_A549_96H_X3_B3_DUO52HI53LO:O17	pgw	0.336151178412606
AML001_HL60_24H_X3_F1B10:F03	CARBAPROSTACYCLIN	0.336136077234714
CYT001_A549_4H_X3_B7_DUO52HI53LO:P22	BLANK	0.336082442016684
LJP001_SKBR3_24H_X4_B2_DUO52HI53LO:E01	Imatinib:Gleevec, Glivec, CGP-57148B, STI-571	0.336057967693894
AML001_HL60_24H_X1_F1B10:M16	UTMB00042	0.336055364042533
CPC006_NCIH508_6H_X1_B5_DUO52HI53LO:G16	PEITC	0.336053281121445
CPC006_NCIH2073_6H_X2_F1B4_DUO52HI53LO:B21	JJT-705	0.335843426821775
CPC006_NCIH508_6H_X2_B5_DUO52HI53LO:O20	BIBR1532	0.335763234359866
HOG002_A549_24H_X3_F1B10:J06	teniposide	0.335745529530614
CPC010_PC3_24H_X1_F2B4_DUO52HI53LO:A05	6-amino-1-(4-methylphenyl)-2-oxo-4-phenyl-1,2-dihydro-3,5-pyridinedicarbonitrile BRD-K50776152	0.335706995490476
CPC007_A549_24H_X3_B3_DUO52HI53LO:I13	"N-(2-methoxyphenyl)-4,6-dimorpholino-1,3,5-triazin-2-amine hw-gc-act06"	0.335699184536394
CPC006_RMUGS_6H_X2_B5_DUO52HI53LO:D21	LY-231514	0.335675751674148
MUC.CP003_MCF7_6H_X1_B7_DUO52HI53LO:O22	UnTrt	0.335666378529249
CPD001_MCF7_24H_X2_B6_DUO52HI53LO:A09	Metformin hydrochloride	0.33565440173299
CPC004_HCC515_24H_X2_B3_DUO52HI53LO:E20	BUSPIRONE HYDROCHLORIDE	0.335494016809173
DOSBIO002_A549_24H_X1_B11:M13	BRD-K70983703	0.335461210802029
AML001_U937_24H_X1_F1B10:E20	CARBAPROSTACYCLIN	0.335452358387403
HSF044_HEK293T_48H_X1_B12:J04	BCR-ABL	0.335348733063248
MUC.CP005_MCF7_24H_X2_B7_DUO52HI53LO:A06	DMSO	0.335307074641477
KMS002_THP1_6H_X1_B5_DUO52HI53LO:P22	DMSO	0.335295097845218
LJP001_SKBR3_24H_X4_B2_DUO52HI53LO:C08	GW843682	0.335237817515283
CPC011_PC3_6H_X5_B5_DUO52HI53LO:P22	dichloroacetic acid	0.33515397994147
CPC020_PC3_24H_X3_B5_DUO52HI53LO:O10	(+)-cis-diltiazem	0.335152417750654
CPC009_PC3_6H_X2_B3_DUO52HI53LO:A23	inderal	0.335091492308814
MUC.CP001_MCF7_6H_X1_B7_DUO52HI53LO:E03	SA1939064	0.335060769222758
KMS002_THP1_24H_X1_B5_DUO52HI53LO:G23	DMSO	0.335048271696227
HOG002_MCF7_6H_X1_F1B10:K21	iImportazole	0.335011299846905
PCLB001_JURKAT_24H_X2_B12:C24	SM22	0.33496859996459
CPC011_PC3_6H_X1_B3_DUO52HI53LO:O05	progesterone	0.334807173580229
HDAC002_PC3_6H_X5_B7_DUO52HI53LO:P16	m-cinamyl 6,8	0.334788948020704
DEB001_MCF7_24H_X5_F1B6_DUO52HI53LO:M21	withaferin-a	0.334756662743832
AML001_U937_24H_X1_F1B10:F24	MRE-269	0.334745206677845
CPC006_RMGI_6H_X1_F1B4_DUO52HI53LO:N18	mw-A1-12	0.33470250679553
HSF041_HEK293T_48H_X1_B12:P10	RENILLA	0.33469521657172
CPC007_HA1E_6H_X3_B3_DUO52HI53LO:E03	NCGC00188536-01	0.334657203261854
MUC.CP003_MCF7_24H_X2_B7_DUO52HI53LO:C24	mebendazole	0.334655641071038
DOSBIO001_PC3_24H_X2_B11:G19	BRD-K74085580	0.334649392307772
PCLB001_HA1E_24H_X2_B12:D20	SM7	0.334608254616274
LJP004_MCF7_1H_X4_B6_DUO52HI53LO:M14	PDGFBB	0.334494214686677
CPC020_PC3_24H_X5_B5_DUO52HI53LO:J20	altretamine	0.334373405263542
ERG014_PC3_24H_X3_B10_DUO52HI53LO:G15	DMSO	0.334340078526125
HSF044_HEK293T_48H_X1_B12:I02	BCR-ABL	0.334317166394151
CPC011_PC3_24H_X5_B5_DUO52HI53LO:A11	10h-phenothiazine, 2-chloro-10-[3-(4-methyl-1-piperazinyl)propyl- [cas]	0.334270821399931
KDA002_HT29_96H_X3_B3_DUO52HI53LO:P02	GFP	0.334213020339724
KMS002_THP1_6H_X1_B5_DUO52HI53LO:D23	DMSO	0.33414844978598
MUC.CP004_MCF7_6H_X1_B7_DUO52HI53LO:M02	SA244466	0.334101584061488
AML001_U937_24H_X1_F1B10:B15	SECURININE	0.334062529291078
CPC013_PC3_6H_X4_B5_DUO52HI53LO:M17	3528206	0.333849029879503
HDAC002_HA1E_6H_X5_B7_DUO52HI53LO:D24	DMSO	0.333748528936981
MUC.CP002_MCF7_24H_X3_B7_DUO52HI53LO:M03	SA419172	0.333745925285621
OEB004_VCAP_96H_X2_B4_DUO52HI53LO:F11	HcRed	0.333692290067591
CPC014_MCF7_24H_X1_B5_DUO52HI53LO:B24	Z2777	0.333606369572689
CPC006_SNGM_6H_X2_B5_DUO52HI53LO:P21	3,5-dichloro-2-hydroxy-N-(2-methoxy-5-phenylphenyl)benzenesulfonamide	0.333528780762141
PCLB001_A375_24H_X1.A2_B11_DUO52HI53LO:D19	MW-shh28	0.333412137181183
CPC006_RMUGS_6H_X2_B5_DUO52HI53LO:C21	Compound 10	0.333397036003291
DEB001_MCF7_24H_X3_F1B6_DUO52HI53LO:E06	DAC-012	0.333284037534238
OEB003_VCAP_96H_X5.L2_F2B5_DUO52HI53LO:F23	CCRN4L	0.333258001020631
CPC009_PC3_24H_X1_F1B4_DUO52HI53LO:J04	VU0400071-3	0.333232485237297
CPC001_PC3_24H_X1_B3_DUO52HI53LO:H21	Ryuvidine	0.332960143304971
KMS002_THP1_6H_X1_B5_DUO52HI53LO:M22	DMSO	0.332952332350889
CPC008_A375_24H_X2_F1B6_DUO52HI53LO:K02	NCGC00181801-01	0.332935148251908
CPC008_HT29_6H_X3_B3_DUO52HI53LO:J22	NCGC00182629-01	0.332923171455649
HSF040_HEK293T_48H_X2_B12:D08	NDE1-PDGFRB	0.332758099959383
CPC006_VCAP_24H_X1_B3_DUO52HI53LO:M03	L-690,330	0.332743519511763
CPC011_PC3_24H_X5_B5_DUO52HI53LO:A23	vindesine	0.332720607379789
CPD001_MCF7_24H_X2_B6_DUO52HI53LO:D19	Phenformin hydrochloride	0.332682073339651
CPD003_MCF7_24H_X3.L2_B6_DUO52HI53LO:H13	Prothionamide	0.332625834470261
AML001_CD34_24H_X1_F1B10:P07	2-(4-NITRO-PHENYLAMINO)-BENZOICACID	0.332607608910736
CPC012_HT29_6H_X4_F1B5_DUO52HI53LO:I16	DMSO	0.332484195836241
CPD001_MCF7_24H_X1_B6_DUO52HI53LO:J03	Ranitidine hydrochloride	0.332479509263791
CPC013_SKB_24H_X3_B7_DUO52HI53LO:M17	3528206	0.3324644080859
MUC.CP001_NKDBA_24H_X3_B7_DUO52HI53LO:D24	mebendazole	0.332414938710047
CPC003_PC3_24H_X3_B3_DUO52HI53LO:J18	PROSTAGLANDIN A1	0.332161343067518
CPC014_HCC515_6H_X1_F1B3_DUO52HI53LO:D11	GR-101	0.332120205376019
CPC006_HA1E_24H_X1_B3_DUO52HI53LO:E13	Importazole	0.332071256730439
CPC007_PC3_24H_X3_B5_DUO52HI53LO:H21	"2-(4-(2-butoxy-5-chlorophenylamino)-6-(pyrrolidin-1-yl)-1,3,5-triazin-2-ylamino)ethanol wh-gc-round5-67"	0.332070736000167
HSF041_HEK293T_48H_X1_B12:P08	DSRED	0.332033243420573
RAD001_HCC515_6H_X2_F1B5_DUO52HI53LO:E22	AMIFOSTINE	0.331992626459347
CPC006_PC3_6H_X3_B3_DUO52HI53LO:B19	COT-10b	0.331990543538258
PRISM001_MCF7_24H_X1_B7_DUO52HI53LO:B19	DMSO	0.331973359439278
CPC006_HEPG2_6H_X4_B4_DUO52HI53LO:N01	4-Demethoxydaunorubicin hydrochloride (65)	0.331968152136556
CPC012_MCF7_24H_X1_B5_DUO52HI53LO:L09	ST003833	0.331908788885533
CYT001_VCAP_2H_X2_B7_DUO52HI53LO:D19	IL28A	0.331882231641654
MUC.CP006_MCF7_24H_X2_B7_DUO52HI53LO:I02	SA424534	0.331870775575667
CPC006_NCIH508_6H_X1_B5_DUO52HI53LO:I14	PROSTAGLANDIN A1	0.331807767212739
AML001_HL60_24H_X3_F1B10:A06	DMSO	0.3317786063175
LJP001_MDAMB231_24H_X3_B2_DUO52HI53LO:D07	GW843682	0.33173955154709
ERGK018_VCAP_120H_X1_B1_DUO44HI45LO:E03	lacZ	0.331712473572939
CPC010_PC3_24H_X2_B5_DUO52HI53LO:P24	nialamide	0.331675501723617
KDA009_PC3_96H_X1_B1_DUO45HI44LO:O19	pgw	0.331674460263073
MUC.CP006_MCF7_6H_X3_B7_DUO52HI53LO:B11	SA792987	0.331605723867151
CPC014_PC3_24H_X4_B5_DUO52HI53LO:P05	EI-328	0.331506785115446
CPC011_MCF7_6H_X1_B3_DUO52HI53LO:D11	escitalopram	0.33142242681136
AML001_HL60_24H_X1_F1B10:J10	1,25-DIHYDROXYVITAMIND3	0.331316718566117
ERGK018_VCAP_120H_X1_B1_DUO44HI45LO:D21	C15orf42	0.331305783230402
HDAC002_MCF7_24H_X1_B7_DUO52HI53LO:A07	SC HDAC3 Selective	0.331226632229038
CPD002_PC3_24H_X1_B6_DUO52HI53LO:C20	Propafenone hydrochloride	0.331090200897739
CPC006_SNUC5_6H_X2_B5_DUO52HI53LO:P10	PX12	0.330976160968142
MUC.CP001_NKDBA_24H_X2_B7_DUO52HI53LO:A18	DMSO	0.330937106197732
AML001_HL60_24H_X2_F1B10:I24	TREPROSTINIL	0.330800154136161
CPD003_PC3_24H_X1.L2_B6_DUO52HI53LO:D14	Trifluridine	0.330714233641258
DOS020_VCAP_6H_X2_F1B6_DUO52HI53LO:C16	withaferin A	0.330712671450442
PCLB001_PC3_24H_X2.A2_B11_DUO52HI53LO:K22	curcumin	0.33068767639738
CPC006_NCIH508_6H_X2_B5_DUO52HI53LO:E22	2-bromo-N-[3-(butyrylamino)phenyl]benzamide	0.33058769618513
CPC014_PC3_24H_X4_B5_DUO52HI53LO:N18	RP1782780025	0.330572595007238
MUC.CP004_MCF7_24H_X3_B7_DUO52HI53LO:F14	SA90153	0.330491361084785
LJP001_SKBR3_24H_X2_B3_DUO52HI53LO:B03	(R)- Roscovitine:CYC202, Seliciclib, R-roscovitine	0.330467407492267
CPC014_PC3_24H_X1_B5_DUO52HI53LO:D23	GR-206	0.33042418687968
CPC011_PC3_24H_X2_B3_DUO52HI53LO:N20	delta1-hydrocortisone 21-hemisuccinate	0.330332538351785
CPC004_VCAP_24H_X3_F1B5_DUO52HI53LO:B13	STRYCHNINE	0.330330455430696
CYT001_HCC515_4H_X3_B7_DUO52HI53LO:E24	BLANK	0.33032889323988
CPC004_VCAP_24H_X2_B5_DUO52HI53LO:C24	DROPERIDOL	0.330266926337496
CPC014_MCF7_6H_X1_B4_DUO52HI53LO:N21	AC-1121	0.330230475218446
CPC020_MCF7_24H_X5_B5_DUO52HI53LO:B23	ethacrynic acid	0.330174757079328
CPC020_VCAP_24H_X1_F1B5_DUO52HI53LO:P06	theophylline	0.330165904664702
CPC009_VCAP_24H_X5_F1B5_DUO52HI53LO:K24	celecoxib	0.330123725512659
HSF044_HEK293T_48H_X2_B12:N03	BCR-ABL	0.330112269446672
KMS002_NOMO1_6H_X1_B5_DUO52HI53LO:H21	DMSO	0.330056030577282
CPC002_PC3_6H_X3_B3_DUO52HI53LO:M15	METOCLOPRAMIDE HYDROCHLORIDE	0.33001176850415
CPC008_A375_24H_X2_F1B6_DUO52HI53LO:G03	NCGC00241435-01	0.330006561201429
HOG003_A549_6H_X2_F1B10:K18	4-demethoxydaunorubicin	0.329990418562993
CPC006_NCIH508_6H_X1_B5_DUO52HI53LO:K20	89671	0.329764421624887
CPC006_RMUGS_6H_X1_B5_DUO52HI53LO:E13	Importazole	0.329731615617742
KDA007_A375_96H_X3_B3_DUO52HI53LO:P20	pgw	0.329695685228965
MUC.CP002_MCF7_24H_X3_B7_DUO52HI53LO:O04	SA1459975	0.329668607254814
CPC008_PC3_24H_X1_B5_DUO52HI53LO:O20	NCGC00184891-01	0.329611326924879
RAD001_HCC515_6H_X1_F1B5_DUO52HI53LO:H16	CAMPTOTHECIN	0.329497807725554
KDB006_HCC515_96H_X2_B5_DUO52HI53LO:A20	RFP	0.329477499244941
CPC004_A375_6H_X3_B3_DUO52HI53LO:J21	DEXCHLORPHENIRAMINE MALEATE	0.329398868973849
AML001_HL60_24H_X3_F1B10:O11	DMSO	0.329371270269426
CPD003_PC3_24H_X1.L2_B6_DUO52HI53LO:C17	Nadolol	0.329359293473167
CPC005_PC3_24H_X1_B4_DUO52HI53LO:C21	Heliotrine	0.329353565440173
ERG005_VCAP_6H_X1_B1_UNI5253L:F03	withaferin-a	0.329233797477583
DOSBIO002_A375_24H_X3_B11:D03	BRD-K48724570	0.329181203720097
CPD001_MCF7_24H_X2_B6_DUO52HI53LO:L20	Mifepristone	0.329119757547985
CPC008_VCAP_24H_X4_F1B5_DUO52HI53LO:B23	NCGC00242279-01	0.329105697830638
CPC020_VCAP_6H_X3_B4_DUO52HI53LO:H06	sulfacetamide	0.329059352836418
LJP001_SKBR3_24H_X1_B3_DUO52HI53LO:C06	GSK461364	0.329034357783355
CPC007_PC3_24H_X3_B5_DUO52HI53LO:C22	(E)-4-(4-(benzyloxy)-2-fluoro-5-methoxybenzylidene)-2-phenyloxazol-5(4H)-one KLK-45	0.329002593236755
CPC011_PC3_24H_X5_B5_DUO52HI53LO:B13	bicalutamide	0.328986971328591
CPC006_HCT116_6H_X2_B5_DUO52HI53LO:A04	wortmannin	0.328948437288453
CPC012_MCF7_24H_X3_B5_DUO52HI53LO:L14	10006350	0.328916672741853
HDAC002_PC3_6H_X1_B7_DUO52HI53LO:J10	HDAC 8 Selective Pharmacyclics	0.3288354388194
ERG014_VCAP_6H_X1_B10_DUO52HI53LO:I15	geldanamycin	0.328709942823816
MUC.CP003_MCF7_24H_X3_B7_DUO52HI53LO:D04	SA792574	0.328655786875514
DOS003_VCAP_6H_X1_B3_DUO52HI53LO:C16	withaferin A	0.328631312552724
CPC006_MCF7_24H_X2_B4_DUO52HI53LO:P01	gemcitabine	0.328584967558504
CPC013_SKB_24H_X3_B7_DUO52HI53LO:M21	495455	0.32853758110374
LJP002_MDAMB231_24H_X3_F2B5_DUO52HI53LO:C14	PF477736	0.328522479925848
AML001_HL60_24H_X1_F1B10:J22	1,25-DIHYDROXYVITAMIND3	0.328505295826868
CPC011_PC3_24H_X5_B5_DUO52HI53LO:A18	flubendazole	0.328477697122444
NMH002_NPC_24H_X2_B6_DUO52HI53LO:K23	NaCl	0.328414688759516
CPC011_PC3_6H_X5_B5_DUO52HI53LO:O22	alosetron hcl	0.328411564377884
CPC006_MCF7_24H_X3_B4_DUO52HI53LO:A13	CYT997	0.328363657192847
AML001_CD34_24H_X1_F1B10:F07	CARBAPROSTACYCLIN	0.32833501702788
MUC.CP003_MCF7_6H_X1_B7_DUO52HI53LO:F21	SA1921085	0.328278257428217
CPC008_A375_24H_X2_F1B6_DUO52HI53LO:I05	NCGC00185984-01	0.328265759901686
DOS004_VCAP_6H_X1_B3_DUO52HI53LO:C16	withaferin A	0.328236599006447
CPC005_PC3_24H_X4_B5_DUO52HI53LO:A06	FLUOCINONIDE	0.328213686874473
CPC006_HCC515_6H_X3_B4_DUO52HI53LO:P10	PX12	0.328033514200315
CPC011_PC3_24H_X5_B5_DUO52HI53LO:B15	ftorafur	0.327970505837386
CPC010_A549_6H_X1_B4_DUO52HI53LO:A05	6-amino-1-(4-methylphenyl)-2-oxo-4-phenyl-1,2-dihydro-3,5-pyridinedicarbonitrile BRD-K50776152	0.327943427863235
CPC012_PC3_24H_X2_B5_DUO52HI53LO:A13	7611062	0.327833033045543
AML001_HL60_24H_X3_F1B10:B06	DMSO	0.327755964965267
CPC020_PC3_24H_X3_B5_DUO52HI53LO:P23	diflunisal	0.327711702892136
CPC004_A375_6H_X3_B3_DUO52HI53LO:G22	BEPRIDIL HYDROCHLORIDE	0.327706495589415
KDA006_PC3_96H_X2_B1_DUO44HI45LO:N02	LUCIFERASE	0.327631510430227
HOG001_MCF7_6H_X3_F1B10:B22	ingenol	0.327579437403014
MUC.CP003_MCF7_24H_X1_B7_DUO52HI53LO:D04	SA792574	0.327471646236682
CPC010_A549_6H_X1_B4_DUO52HI53LO:O07	N-2-biphenylyl-4-chloro-3-{[(2,5-dimethylphenyl)amino]sulfonyl}benzamide	0.327457586519335
LJP001_MCF10A_24H_X4_B3_DUO52HI53LO:K24	MLN8054	0.327452899946885
CYT001_MCF7_2H_X3_B7_DUO52HI53LO:B15	IL12	0.327447692644164
AML001_U937_24H_X1_F1B10:M22	WORTMANNIN	0.327394057426134
HDAC002_PC3_6H_X2_B7_DUO52HI53LO:H24	DMSO	0.327390412314229
AML001_HL60_24H_X3_F1B10:N16	UTMB00042	0.327369062373072
CPC004_A375_6H_X3_B3_DUO52HI53LO:D22	QUIPAZINE MALEATE	0.327190972620002
CPC009_VCAP_24H_X5_F1B5_DUO52HI53LO:I23	methylprednisolone	0.327152438579864
CPC006_CORL23_6H_X2_B5_DUO52HI53LO:H20	Parthenolide	0.327127964257074
ERGK018_VCAP_120H_X1_B1_DUO44HI45LO:H02	LOC392226	0.327103489934284
MUC.CP001_NKDBA_24H_X2_B7_DUO52HI53LO:I22	SA1472702	0.326957685458086
CPC014_MCF7_6H_X3_B4_DUO52HI53LO:P21	3203	0.326806673679168
CPC004_VCAP_24H_X3_F1B5_DUO52HI53LO:A09	Flecainide acetate	0.326637436340724
CPC006_RMUGS_6H_X2_B5_DUO52HI53LO:D23	Retinoic acid	0.326569220675075
CPC011_PC3_24H_X4_B5_DUO52HI53LO:J23	1,3,5(10)-estratrien-3-ol-17-one sulphate	0.326432789343776
AML001_U937_24H_X1_F1B10:E19	CARBAPROSTACYCLIN	0.326429144231871
CPD001_MCF7_24H_X2_B6_DUO52HI53LO:P04	Ifenprodil tartrate	0.326425499119966
HSF044_HEK293T_48H_X1_B12:M06	BCR-ABL	0.326380716316562
HSF044_HEK293T_48H_X1_B12:N05	BCR-ABL	0.326342703006697
KDA009_VCAP_120H_X1_B5_DUO52HI53LO:O17	pgw	0.326305731157375
AML001_U937_24H_X1_F1B10:P24	DMSO	0.326147429154646
PCLB001_PC3_6H_X1.L2_F1B11:N07	OXETANE	0.326134410897843
DOS012_VCAP_24H_X1_B2_DUO53HI52LO:C16	withaferin A	0.326002145408721
KDB001_NPC_96H_X1_B6_DUO52HI53LO:P04	GFP	0.325967256480488
HDAC002_PC3_24H_X5_B7_DUO52HI53LO:O03	CI-994	0.325884460367219
MUC.CP003_MCF7_24H_X3_B7_DUO52HI53LO:C20	SA1922975	0.325866234807694
KDA009_A375_96H_X1_B3_DUO52HI53LO:P17	pgw	0.325841239754632
CPC005_PC3_24H_X5_B5_DUO52HI53LO:B22	SB 258585 hydrochloride	0.325802184984222
HSF024_HEK293T_48H_X1_B7_DUO52HI53LO:E19	LIN28	0.325802184984222
CYT001_VCAP_4H_X3_B7_DUO52HI53LO:G24	BLANK	0.325753757068913
CPC006_A549_6H_X2_B3_DUO52HI53LO:I02	A112550.cdx	0.325634509836595
CPC014_PC3_24H_X1_B5_DUO52HI53LO:D22	M2946	0.325573584394755
CPC011_PC3_6H_X1_B3_DUO52HI53LO:O06	idebenone	0.325571501473667
OEB004_VCAP_96H_X1_B4_DUO52HI53LO:N16	lacZ	0.325554838104958
CPC008_PC3_24H_X1_B5_DUO52HI53LO:O21	BJM-AF-64 BRD-K14324645	0.325540257657339
MUC.CP005_MCF7_6H_X3_B7_DUO52HI53LO:O21	UnTrt	0.325539216196794
CPC010_A375_6H_X4_B5_DUO52HI53LO:O24	itavastatin ca	0.325528801591352
CPC004_PC3_24H_X3_B3_DUO52HI53LO:A22	R(-)-2,10,11-TRIHYDROXY-N-PROPYL-NORAPORPHINE	0.325519428446453
MUC.CP002_NKDBA_24H_X1_B7_DUO52HI53LO:A23	SA1459454	0.325454857892709
CPC001_VCAP_6H_X5_B5_DUO52HI53LO:H22	MEK1/2 Inhibitor	0.32541372020121
KDA010_MCF7_144H_X3_B1_DUO44HI45LO:M05	HRSP12	0.325397577562774
MUC.CP002_MCF7_24H_X3_B7_DUO52HI53LO:M02	SA85148	0.3253746654308
CPC010_PC3_24H_X2_B5_DUO52HI53LO:O23	benzo[a]phenanthridine-10,11-diol, 5,6,6a,7,8,12b-hexahydro-, trans- [cas]	0.325370499588623
CPC020_PC3_24H_X5_B5_DUO52HI53LO:L20	phylloquinone	0.32536008498318
CPC006_SNGM_6H_X1_B5_DUO52HI53LO:C09	CAY10618	0.325316864370593
MUC.CP006_MCF7_6H_X3_B7_DUO52HI53LO:D13	SA1920080	0.325291348587259
CPC011_PC3_24H_X5_B5_DUO52HI53LO:B11	rosiglitazone	0.325255938928754
HDAC002_PC3_6H_X5_B7_DUO52HI53LO:K23	DMSO	0.325217404888616
DOS027_VCAP_24H_X1_B2_DUO53HI52LO:G03	genistein	0.325121590518543
ERG003_VCAP_24H_X1_B1_DUO44HI45LO:F02	UnTrt	0.325116903946094
DOS012_VCAP_6H_X5_F1B6_DUO52HI53LO:C16	withaferin A	0.325090867432487
LJP002_MCF7_6H_X1_F2B5_DUO52HI53LO:D04	JNK-9L	0.325065351649153
CPC006_NCIH2073_6H_X2_F1B4_DUO52HI53LO:B24	6-diazo-5-oxo-l-norleucine	0.32504035659609
CRCGN001_HA1E_6H_X3_F1B4_DUO52HI53LO:H15	tributyl tin	0.324984638456972
CPC006_HCC515_6H_X3_B4_DUO52HI53LO:K12	GF-109203X	0.324865911954926
DEB001_PC3_6H_X4_F1B6_DUO52HI53LO:H21	withaferin-a	0.324755517137233
CPC014_VCAP_6H_X5_B5_DUO52HI53LO:B20	C247	0.324744581801518
CPC006_NCIH1694_6H_X1_B5_DUO52HI53LO:B20	Flutamide	0.324731042814443
DOSBIO002_A549_24H_X2_B11:G08	BRD-K76636716	0.324721148939272
HSF043_HEK293T_48H_X1_B12:M04	BCR-ABL	0.324598777325321
OEB004_A375_96H_X5_B5_DUO52HI53LO:J02	LUCIFERASE	0.324466511836199
CPC005_HCC515_6H_X2_F1B4_DUO52HI53LO:A12	GUAIFENESIN	0.324449848467491
CPC009_PC3_24H_X1_F1B4_DUO52HI53LO:F03	1,2-dimethyl (3R)-4-oxo-3-(propan-2-yl)-3-(thiophen-3-yl)-1,2-diazetidine-1,2-dicarboxylate	0.324423291223612
HOG003_MCF7_24H_X2_B10:C08	MG-132	0.324417563190618
NMH002_NPC_24H_X2_B6_DUO52HI53LO:K19	N-Oleoylethanolamide	0.324238952707277
CPC006_PL21_6H_X2_F1B4_DUO52HI53LO:J04	PALA	0.3242347868651
PCLB001_PC3_24H_X2.A2_B11_DUO52HI53LO:I21	tert-butylhydroquinone	0.324201980857955
CPC009_VCAP_24H_X4_F1B5_DUO52HI53LO:B09	2-(4-(tert-butyl)benzamido)-4,5-dichlorobenzoic acid KUC107686N	0.324102521375978
CPC001_PC3_6H_X3_B3_DUO52HI53LO:J21	NOMILIN	0.324080650704548
CPC011_PC3_24H_X4_B5_DUO52HI53LO:E23	lacidipine	0.323972859538216
CPC004_MCF7_6H_X2_B3_DUO52HI53LO:H10	IOPANIC ACID	0.323965048584134
CPC009_MCF7_6H_X1_B3_DUO52HI53LO:E23	terazosin	0.323795290515419
PCLB001_JURKAT_6H_X1_B12:J03	SM10	0.323730199231402
CPC006_SNGM_6H_X1_B5_DUO52HI53LO:C12	PD 98059	0.323689061539904
CPC006_HT29_24H_X1_B3_DUO52HI53LO:N01	4-Demethoxydaunorubicin hydrochloride (65)	0.323642716545684
CYT001_HA1E_4H_X2_B7_DUO52HI53LO:I03	KNG	0.323639592164051
KDA004_PC3_96H_X1_B1_DUO45HI44LO:G01	LUCIFERASE	0.323618762953165
CPC011_VCAP_24H_X4_B5_DUO52HI53LO:P16	telmisartan	0.323552109478332
CPC008_A375_24H_X2_F1B6_DUO52HI53LO:I03	NCGC00187898-02	0.323532842458263
AML001_HL60_24H_X2_F1B10:N15	UTMB00042	0.323493787687853
CPC002_VCAP_24H_X2_B3_DUO52HI53LO:J24	SKF 89976A hydrochloride	0.323429217134109
CPC003_PC3_24H_X4_F1B5_DUO52HI53LO:L05	PROMETON	0.323391724554515
CPC006_MCF7_6H_X2_F1B3_DUO52HI53LO:H09	JZL-184	0.323365688040909
CPC011_PC3_24H_X5_B5_DUO52HI53LO:A17	pizotyline	0.323287578500088
OEB001_PC3_96H_X4_B5_DUO52HI53LO:J02	LUCIFERASE	0.323261541986482
MUC.CP006_MCF7_6H_X2_B7_DUO52HI53LO:J24	SA792982	0.323258938335121
HSF044_HEK293T_48H_X1_B12:M04	BCR-ABL	0.323213114071173
CPC007_HA1E_6H_X2_B3_DUO52HI53LO:I18	NCGC00188535-01	0.323208427498724
CPC008_A375_24H_X2_F1B6_DUO52HI53LO:F04	2,4-difluoro-N-{4-[2,2,2-trifluoro-1-hydroxy-1-(trifluoromethyl)ethyl]phenyl}benzamide	0.323040231620825
KMS002_THP1_24H_X1_B5_DUO52HI53LO:I23	DMSO	0.322991803705517
OEB004_VCAP_96H_X4_B5_DUO52HI53LO:B23	eGFP	0.322985034211979
MUC.CP002_NKDBA_24H_X1_B7_DUO52HI53LO:D24	mebendazole	0.322939730678303
CPC011_PC3_24H_X5_B5_DUO52HI53LO:C06	actarit	0.322921505118779
CPC006_HCT116_6H_X2_B5_DUO52HI53LO:B07	PK-11195	0.322919942927962
KDB010_HEPG2_96H_X2_B5_DUO52HI53LO:O19	pgw	0.322907445401431
MUC.CP003_MCF7_24H_X1_B7_DUO52HI53LO:D10	SA792333	0.322878284506191
CPD001_MCF7_24H_X1_B6_DUO52HI53LO:B06	Flavoxate hydrochloride	0.322823087097345
LJP001_MCF7_6H_X4_B2_DUO52HI53LO:N19	QL-XI-92	0.322701236213666
KDA002_VCAP_120H_X2_F1B4_DUO52HI53LO:P18	pgw	0.322657494870807
CPC001_PC3_6H_X3_B3_DUO52HI53LO:H21	Ryuvidine	0.32265332902863
AML001_HL60_24H_X2_F1B10:N22	WORTMANNIN	0.322615836449036
CPD001_MCF7_24H_X2_B6_DUO52HI53LO:M02	Nicardipine hydrochloride	0.322589279205157
CPC002_PC3_6H_X3_B3_DUO52HI53LO:L10	Monastrol	0.322584071902436
CPC006_A549_6H_X1_B3_DUO52HI53LO:B19	COT-10b	0.322476801466376
NMH002_NPC_24H_X1_B6_DUO52HI53LO:B19	Sodium Valproate	0.32246794905175
CPC001_PC3_24H_X5_B5_DUO52HI53LO:H21	Ryuvidine	0.322396088274196
HSF037_HEK293T_48H_X2_B12:D22	TPM3-PDGFRB	0.322310688509566
AML001_HL60_24H_X3_F1B10:E09	ILOPROST	0.32229714952249
CPC014_PC3_24H_X2_B5_DUO52HI53LO:J14	580566	0.322236224080651
CPC005_PC3_24H_X5_B5_DUO52HI53LO:A19	TETRAHYDROCANNABINOL-7-OIC ACID	0.322048761182683
