ASG001_MCF7_6H_X2_B7_DUO52HI53LO:H02	geldanamycin	-0.337825326237515
CPC006_AGS_6H_X2_B4_DUO52HI53LO:B10	CHR 2797	-0.337870109040919
HOG002_A549_24H_X1_F1B10:N17	vorinostat	-0.337939366167113
MUC.CP004_MCF7_6H_X1_B7_DUO52HI53LO:G07	SA1457769	-0.337948739312011
CPC001_HCC515_6H_X2_B3_DUO52HI53LO:G03	SANT-1	-0.338014872056572
CPC006_PL21_6H_X2_F1B4_DUO52HI53LO:E24	cjd-fun-4-2	-0.338060175590248
CPC014_MCF7_6H_X1_B4_DUO52HI53LO:K20	S1064	-0.338147137545694
NMH002_NEU_6H_X3_B6_DUO52HI53LO:L24	NaCl	-0.33819244107937
CPC008_VCAP_24H_X4_F1B5_DUO52HI53LO:P24	KUC104137 KUC104137C	-0.338204938605901
CPC006_HCC515_6H_X2_B5_DUO52HI53LO:K01	IKK-3 Inhibitor IX	-0.338329913871213
CPC008_VCAP_24H_X4_F1B5_DUO52HI53LO:O24	NCGC00181799-01	-0.338356471115092
CPC014_HEPG2_6H_X2_F1B3_DUO52HI53LO:H24	F8927	-0.338376779595705
CPC012_A375_6H_X2_B4_DUO52HI53LO:E01	T5840683	-0.338618398441975
AML001_HL60_24H_X3_F1B10:K22	TREPROSTINIL	-0.338663701975651
DOSBIO002_MCF7_24H_X2_B11:J08	BRD-K75368232	-0.338714212812048
CPC004_MCF7_6H_X5_F1B5_DUO52HI53LO:L07	RALOXIFENE HYDROCHLORIDE	-0.338835542965455
CPC006_RMUGS_6H_X2_B5_DUO52HI53LO:K01	IKK-3 Inhibitor IX	-0.3391224653454
CPC002_PC3_6H_X3_B3_DUO52HI53LO:C14	MEBENDAZOLE	-0.339190160280778
CPC008_A549_6H_X3_F1B3_DUO52HI53LO:K24	KUC104488 KUC104488N	-0.339274518584863
CPC014_HA1E_6H_X2_F1B3_DUO52HI53LO:L23	EI-189	-0.339326591612077
CPC006_MCF7_6H_X5_B4_DUO52HI53LO:B24	6-diazo-5-oxo-l-norleucine	-0.339340130599152
CPC006_RMUGS_6H_X2_B5_DUO52HI53LO:L08	PT-630	-0.339409387725346
CPC005_MCF7_24H_X1_B4_DUO52HI53LO:P19	Fluoxetine hydrochloride	-0.339421364521605
CPC006_U937_6H_X2_B5_DUO52HI53LO:N01	4-Demethoxydaunorubicin hydrochloride (65)	-0.33942500963351
CPC012_HA1E_6H_X1_F1B3_DUO52HI53LO:M24	PZ0004	-0.339671835782501
CPC008_A375_24H_X2_F1B6_DUO52HI53LO:E15	NCGC00165243-02	-0.339819723179787
CPC001_HCC515_6H_X2_B3_DUO52HI53LO:F02	Nafadotride	-0.33983013778523
CPC013_MCF7_24H_X5_F1B5_DUO52HI53LO:C15	S1152	-0.339984273945782
CPC002_PC3_24H_X4_B4_DUO52HI53LO:O23	SINENSETIN	-0.339998854393401
CPC009_VCAP_6H_X1_F1B5_DUO52HI53LO:E24	lamivudine	-0.340006665347483
LJP003_MCF7_24H_X1_B6_DUO52HI53LO:P11	MCSF	-0.340032181130818
CPC011_VCAP_24H_X1_B5_DUO52HI53LO:J24	atracurium	-0.340155594205314
LJP001_BT20_6H_X1_B2_DUO52HI53LO:P06	Torin2	-0.340175381955655
CPD001_MCF7_24H_X3_B6_DUO52HI53LO:A24	Phenylpropanolamine hydrochloride	-0.340309730365865
ERGK018_VCAP_120H_X2_B1_DUO44HI45LO:B14	LOC400301	-0.340313896208042
AML001_HL60_24H_X3_F1B10:F07	CARBAPROSTACYCLIN	-0.340392005748862
CPC012_PHH_24H_X1_B7_DUO52HI53LO:F04	ST024029	-0.340427415407367
CPC011_VCAP_24H_X1_B5_DUO52HI53LO:C24	huperzine a	-0.340541455336965
CPC006_A549_6H_X2_B3_DUO52HI53LO:D10	2541665-P2	-0.340750788906362
CPC006_MCF7_6H_X5_B4_DUO52HI53LO:F23	BMS 299897	-0.340766410814526
CPC012_MCF7_6H_X3_B4_DUO52HI53LO:P20	8015-3528	-0.340845041085618
CPC011_PC3_24H_X5_B5_DUO52HI53LO:I11	phenelzine	-0.340878367823035
CPC020_HA1E_6H_X1_F1B3_DUO52HI53LO:D24	sulfacetamide	-0.340953352982222
HSF044_HEK293T_48H_X1_B12:H17	BCR-ABL	-0.340995532134265
CPC013_MCF7_6H_X5_F1B5_DUO52HI53LO:M17	3528206	-0.341069475832908
CPC007_A549_24H_X3_B3_DUO52HI53LO:G05	NCGC00183405-01	-0.341083535550256
CPC009_HEPG2_6H_X1_B4_DUO52HI53LO:J24	prozac	-0.341171018235974
CPC001_PC3_24H_X1_B3_DUO52HI53LO:C06	ODQ	-0.341203824243119
CPC006_NCIH596_6H_X2_F1B4_DUO52HI53LO:E24	cjd-fun-4-2	-0.341230381486997
PCLB001_PC3_24H_X2.A2_B11_DUO52HI53LO:N01	MW-shh-98	-0.34131890563326
AML001_HL60_24H_X2_F1B10:D03	TAMOXIFEN	-0.341475645445172
CPC002_PC3_6H_X3_B3_DUO52HI53LO:G24	Fasudil hydrochloride	-0.341529280663202
LJP002_HS578T_24H_X2_F2B5_DUO52HI53LO:B07	XMD16-144	-0.341571459815245
PCLB001_HCC515_24H_X3_F2B6_DUO52HI53LO:F01	AT1-Shh-09	-0.341596454868307
HSF044_HEK293T_48H_X2_B12:I18	BCR-ABL	-0.341616763348921
HSF037_HEK293T_48H_X2_B12:O07	DSRED	-0.341768295858111
PCLB001_U266_24H_X3_F2B6_DUO52HI53LO:P01	SM6	-0.341775586081921
CPC008_A375_24H_X2_F1B6_DUO52HI53LO:E13	NCGC00229604-01	-0.342052614586696
CPC004_A375_6H_X3_B3_DUO52HI53LO:E08	FENBUFEN	-0.342340057696914
CPC020_MCF7_24H_X2_F1B4_DUO52HI53LO:P08	bumetanide	-0.342352034493173
CPC013_VCAP_6H_X1_F1B4_DUO52HI53LO:N24	7856827	-0.342365052749977
CPC002_PC3_24H_X4_B4_DUO52HI53LO:M23	NALOXONE HYDROCHLORIDE	-0.342377029546236
CPC009_A549_6H_X1_B4_DUO52HI53LO:F24	lovastatin	-0.342536373009509
CPC006_HCT116_6H_X1_B5_DUO52HI53LO:K24	2,4-dideoxy-DC-45-A2	-0.34255876441121
BRAF001_A375_6H_X1_B10:J24	dabrafenib	-0.342931607286058
CPC006_HCC515_6H_X1_B4_DUO52HI53LO:I07	AG 112	-0.343012320478239
PCLB001_PC3_24H_X2.A2_B11_DUO52HI53LO:P04	WY-01-045	-0.343021172892865
CPC004_PC3_6H_X2_B3_DUO52HI53LO:O24	MDL 29951	-0.343030025307491
LJP001_SKBR3_6H_X2_B3_DUO52HI53LO:J20	ZSTK474	-0.343177912704777
HSF037_HEK293T_48H_X2_B12:O05	DSRED	-0.343219571126548
CPC004_VCAP_24H_X3_F1B5_DUO52HI53LO:J20	ZOXAZOLAMINE	-0.343275809995938
AML001_HL60_6H_X2_B11:O17	KUC105208KUC105208N	-0.343341422010227
CPC014_HA1E_6H_X2_F1B3_DUO52HI53LO:P05	EI-328	-0.343341422010227
CPC012_HA1E_6H_X3_F1B3_DUO52HI53LO:C02	72475	-0.343419531551047
CPC012_MCF7_24H_X4_B5_DUO52HI53LO:M08	6394072	-0.343515866651392
CPC006_MCF7_24H_X4_B4_DUO52HI53LO:E08	ROLIPRAM	-0.343577312823504
CPC002_PC3_6H_X3_B3_DUO52HI53LO:A24	FLUFENAMIC ACID	-0.343615326133369
CPC006_AGS_6H_X2_B4_DUO52HI53LO:K09	TPCA-1	-0.343621574896635
CPC006_MCF7_24H_X5_B4_DUO52HI53LO:F12	GW405833 hydrochloride	-0.34371790999698
KDA010_PC3_96H_X1_B1_DUO45HI44LO:A10	CTSL1	-0.343776231787459
CPC020_HT29_6H_X1.L2_F1B5_DUO52HI53LO:J24	fluocinolone acetonide	-0.343887147335423
CPC009_VCAP_6H_X1_F1B5_DUO52HI53LO:C24	cefotaxime	-0.344035034732709
CPC013_VCAP_6H_X2_F1B3_DUO52HI53LO:F19	2512-0754	-0.344120955227611
CPC007_PC3_6H_X5_F1B5_DUO52HI53LO:L14	5-amino-1-tert-butyl-3-(naphthalen-1-ylmethyl)-1H-pyrazole-4-carbonitrile CALI-091-1	-0.344187087972172
LJP001_MDAMB231_6H_X3_B3_DUO52HI53LO:F21	AZD0530:Saracatinib	-0.344324040033743
CPC003_PC3_24H_X5_B5_DUO52HI53LO:J04	Finasteride	-0.344370385027963
CPC006_NCIH2073_6H_X2_F1B4_DUO52HI53LO:M11	Phenothiazine	-0.344387048396672
CPC006_PL21_6H_X2_F1B4_DUO52HI53LO:B20	Flutamide	-0.344437559233068
CPC006_LOVO_6H_X1_F1B4_DUO52HI53LO:E24	cjd-fun-4-2	-0.344480779845656
CPC002_HCC515_6H_X3_B3_DUO52HI53LO:H13	Bestatin	-0.344524000458243
CPC005_A549_6H_X1_B3_DUO52HI53LO:G22	WAY 161503 hydrochloride	-0.344783844864037
CPC011_VCAP_6H_X3_B5_DUO52HI53LO:G18	clarithromycin	-0.344843728845333
LJP001_MDAMB231_6H_X2_B3_DUO52HI53LO:G23	KIN001-242:FMK	-0.344869244628667
CPC006_MCF7_24H_X5_B4_DUO52HI53LO:C24	Fluspirilen	-0.344890594569825
CPC003_PC3_6H_X5_F1B5_DUO52HI53LO:N01	TC 2559 difumarate	-0.344931211531051
CPC006_HT29_6H_X2_F1B4_DUO52HI53LO:M24	B675700.cdx	-0.345033274664389
CPC006_SW480_6H_X1_F2B4_DUO52HI53LO:P23	RG 108	-0.345081702579698
CPC005_A375_6H_X1_B3_DUO52HI53LO:L14	CGP 54626 hydrochloride	-0.345199908351472
CPC005_PC3_24H_X5_B5_DUO52HI53LO:M01	Tocainide hydrochloride	-0.345274893510659
CPC006_NCIH1694_6H_X1_B5_DUO52HI53LO:A03	geldanamycin	-0.345373311532093
CPC005_HCC515_6H_X2_F1B4_DUO52HI53LO:N16	NSC 119889	-0.345545673252169
NMH002_NPC_24H_X1_B6_DUO52HI53LO:I01	5,8,11,14-Eicosatetraynoic acid 	-0.345552963475979
MUC.CP004_MCF7_6H_X1_B7_DUO52HI53LO:I08	SA1920683	-0.345613368187546
CPC020_VCAP_6H_X2_B4_DUO52HI53LO:D01	dipyridamole	-0.345919557587561
CPC012_HA1E_6H_X1_F1B3_DUO52HI53LO:K24	KM00799	-0.345961216009331
LJP002_MDAMB231_24H_X2_F2B5_DUO52HI53LO:H19	BMS-509744;BMS509744	-0.346069527905935
LJP001_MCF7_6H_X3_B2_DUO53HI52LO:K08	AZD-6482	-0.346276257823972
AML001_U937_24H_X1_F1B10:F15	CARBAPROSTACYCLIN	-0.346563180203918
CPC020_MCF7_24H_X2_F1B4_DUO52HI53LO:N16	mestinon	-0.346617856882492
CPC012_HCC515_6H_X3_B4_DUO52HI53LO:D24	0054-0109	-0.346646497047459
CPC001_PC3_24H_X5_B5_DUO52HI53LO:J24	GR 32191 hydrochloride	-0.346791780793385
CPC006_NCIH508_6H_X2_B5_DUO52HI53LO:F01	N-Oxalylphenylalanine	-0.3468344806757
CPC005_PC3_24H_X5_B5_DUO52HI53LO:I04	Zacopride hydrochloride	-0.347059436153261
CPC008_HEPG2_6H_X3_B4_DUO52HI53LO:L01	CVF-CSC-7 BRD-A32595718	-0.347092762890678
CPC003_PC3_24H_X5_B5_DUO52HI53LO:J03	Denbufylline	-0.347331778085587
HSF037_HEK293T_48H_X1_B12:A08	ETV6-NTRK3	-0.347471333798519
CPC006_HT29_6H_X2_F1B4_DUO52HI53LO:N24	minoxidil	-0.347610368781179
OEB006_A549_96H_X2_F1B4_DUO52HI53LO:J08	LEPRE1	-0.347670773492746
CPC006_NCIH508_6H_X2_B5_DUO52HI53LO:N02	DG-041	-0.347691602703632
CPC006_MCF7_24H_X2_B4_DUO52HI53LO:K15	16749996	-0.347967589747862
ERGK009_VCAP_120H_X3_B3_DUO52HI53LO:C08	PION	-0.347988418958748
AML001_U937_24H_X1_F1B10:J23	TREPROSTINIL	-0.348222226850936
OEB005_A549_96H_X3_F1B4_DUO52HI53LO:F12	HcRed	-0.348504462658432
LJP001_MDAMB231_24H_X2_B2_DUO52HI53LO:G23	KIN001-242:FMK	-0.348516960184963
HSF044_HEK293T_48H_X1_B12:N20	BCR-ABL	-0.348563305179183
CPC001_PC3_24H_X4_F2B4_DUO52HI53LO:D12	Moexipril hydrochloride	-0.348573199054354
CPC006_A375_24H_X1_B3_DUO52HI53LO:N16	MDV3100	-0.348620585509118
CPD001_MCF7_24H_X2_B6_DUO52HI53LO:L06	Trazodone hydrochloride	-0.34880908986763
CPC006_HCC515_6H_X1_B4_DUO52HI53LO:K11	py 7715	-0.348940313896208
CPC006_SW480_6H_X1_F2B4_DUO52HI53LO:A22	Y27632	-0.348952290692467
CPC006_VCAP_24H_X1_B3_DUO52HI53LO:J09	YM-155	-0.34911163415574
BRAF001_A375_6H_X1_B10:G24	triamterene	-0.349162665722409
CPC020_HA1E_6H_X1_F1B3_DUO52HI53LO:N24	cardene	-0.349443860069361
CPC013_HEPG2_6H_X2_B4_DUO52HI53LO:E24	NP-003021	-0.349510513544194
CPC020_PC3_24H_X2_B5_DUO52HI53LO:J06	sulfinpyrazone	-0.349548006123788
CPC002_PC3_24H_X4_B4_DUO52HI53LO:F23	Pravastatin sodium salt	-0.349570918255762
HDAC002_PC3_6H_X1_B7_DUO52HI53LO:A08	Tubastatin A	-0.349654235099303
CPC006_HCT116_6H_X2_B5_DUO52HI53LO:I13	Quinine hemisulfate salt monohydrate	-0.349658921671752
CPC020_HT29_6H_X1.L2_F1B5_DUO52HI53LO:H23	prilocaine	-0.349712556889782
PCLB001_A375_24H_X1.A2_B11_DUO52HI53LO:M01	MW-shh-98	-0.349751611660192
CPC017_MCF7_24H_X5_B5_DUO52HI53LO:H01	HEMADO	-0.349794832272779
HSF034_HEK293T_48H_X1_B12:P08	DSRED	-0.349820348056114
CPC002_VCAP_6H_X5_B5_DUO52HI53LO:L15	Raclopride	-0.349955217196597
CPC003_HA1E_6H_X2_B3_DUO52HI53LO:B22	L-692,585	-0.350117685041502
CPC006_RMUGS_6H_X2_B5_DUO52HI53LO:M01	NICARDIPINE HYDROCHLORIDE	-0.350196315312594
CPC014_HCC515_6H_X3_F1B3_DUO52HI53LO:E24	MLS-0425637.0001	-0.350518126620773
CPC010_MCF7_6H_X3_B3_DUO52HI53LO:J24	vecuronium	-0.350789427092555
CPC009_HCC515_6H_X3_B4_DUO52HI53LO:B23	ethambutol	-0.350837334277591
CPC004_HT29_6H_X3_B3_DUO52HI53LO:A21	Leucomisine	-0.35105187514971
CPC006_HCC515_6H_X1_B4_DUO52HI53LO:J04	PALA	-0.351099261604474
CPC002_VCAP_6H_X5_B5_DUO52HI53LO:N17	SKF 86002 dihydrochloride	-0.351257042876931
HSF034_HEK293T_48H_X1_B12:P06	DSRED	-0.351673106364365
PCLB001_JURKAT_6H_X1_B12:G20	SM9	-0.351711640404503
CPC009_HCC515_6H_X1_F1B3_DUO52HI53LO:J06	VU0366037-2	-0.351770482925254
CPC009_VCAP_6H_X1_F1B5_DUO52HI53LO:D24	azithromycin	-0.351790270675595
CPC006_NCIH596_6H_X2_F1B4_DUO52HI53LO:C24	Fluspirilen	-0.351823597413012
CPC006_EFO27_6H_X1_F1B4_DUO52HI53LO:K11	py 7715	-0.35188660577594
CPC006_EFO27_6H_X1_F1B4_DUO52HI53LO:I02	A112550.cdx	-0.352277674210313
CPC008_HCC515_6H_X2_B4_DUO52HI53LO:F21	NCGC00241485-01	-0.352357345941949
CPC002_VCAP_6H_X5_B5_DUO52HI53LO:F14	ZM 306416 hydrochloride	-0.35236723981712
CPC011_MCF7_6H_X1_B3_DUO52HI53LO:E13	cinanserin	-0.352385986106916
CPC008_HEPG2_6H_X3_B4_DUO52HI53LO:E01	MLS-0435542.0001	-0.352407856778346
CPC004_PC3_6H_X4_B4_DUO52HI53LO:G22	BEPRIDIL HYDROCHLORIDE	-0.352453160312022
CPC012_MCF7_6H_X1_B3_DUO52HI53LO:M24	PZ0004	-0.352638540288901
CPC004_MCF7_6H_X1_B3_DUO52HI53LO:E16	ERYTHROMYCIN ESTOLATE	-0.35286766160864
CPC005_A375_6H_X1_B3_DUO52HI53LO:C17	DIHYDRODEOXYGEDUNIN	-0.352971807663067
LJP001_BT20_6H_X1_B2_DUO52HI53LO:L19	WYE-125132	-0.352996802716129
CPC002_PC3_6H_X3_B3_DUO52HI53LO:E07	Tomoxetine hydrochloride	-0.353084285401848
CPC006_A375_6H_X2_B3_DUO52HI53LO:G07	Rapamycin	-0.353268103187911
CPC006_RMUGS_6H_X2_B5_DUO52HI53LO:E01	5-PHENYL-4,7-DIHYDROTETRAAZOLO[1,5-A]PYRIMIDINE (Compound C)	-0.353303512846416
CPC002_HCC515_24H_X2_B3_DUO52HI53LO:D01	MDL-28170	-0.353335798123288
CPC004_PC3_24H_X4_B4_DUO52HI53LO:H24	PAROXETINE HYDROCHLORIDE	-0.353377456545059
CPC015_MCF7_6H_X3_B4_DUO52HI53LO:L18	Betaxolol hydrochloride	-0.353395161374311
CPC006_MCF7_24H_X5_B4_DUO52HI53LO:J13	DC-45-A2	-0.353583145002552
CPC013_SKB_24H_X3_B7_DUO52HI53LO:F07	NP-000150	-0.353653964319562
AML001_CD34_24H_X1_F1B10:E10	ILOPROST	-0.353698226392693
CPC008_HEPG2_6H_X3_B4_DUO52HI53LO:O01	5-bromo-4-chloro-2-(4-methoxybenzamido)benzoic acid KUC107296N	-0.353890896593383
CPC020_HA1E_6H_X1_F1B3_DUO52HI53LO:B23	ethacrynic acid	-0.354290817442381
NMH001_NEU.KCL_6H.4H_X2.L2_B6_DUO52HI53LO:E12	N-Ethylnornicotine	-0.354308522271634
CPC009_VCAP_6H_X1_F1B5_DUO52HI53LO:H24	aminoglutethimide	-0.354327268561431
CPC020_MCF7_24H_X2_F1B4_DUO52HI53LO:P11	cogentin	-0.354472031577084
CPC014_HA1E_6H_X2_F1B3_DUO52HI53LO:P22	G5797	-0.354484529103615
CPD001_MCF7_24H_X2_B6_DUO52HI53LO:M19	Acebutolol hydrochloride	-0.354800091648528
CPC015_MCF7_6H_X3_B3_DUO52HI53LO:L18	Betaxolol hydrochloride	-0.354991199658401
CPC002_PC3_6H_X3_B3_DUO52HI53LO:C24	Oxymetazoline hydrochloride	-0.355032337349899
AML001_HL60_24H_X1_F1B10:J24	TREPROSTINIL	-0.355116695653985
CPC011_PC3_6H_X1_B3_DUO52HI53LO:A09	salbutamol	-0.355445276455701
CPC006_DV90_6H_X2_B4_DUO52HI53LO:D24	NP-001236	-0.355640550307752
CPC009_HA1E_6H_X3_B4_DUO52HI53LO:J06	VU0366037-2	-0.355677522157073
CPC006_EFO27_6H_X2_F1B4_DUO52HI53LO:O23	11-(4-Diethylamino-phenyl)-3-phenyl-2,3,4,5,10,11-hexahydro-dibenzo[b,e][1,4]dia	-0.355941011674773
CPC006_AGS_6H_X1_B4_DUO52HI53LO:G22	arg-csc-91	-0.356043595538383
CPC005_MCF7_6H_X2_F1B3_DUO52HI53LO:K24	Dipivefrin hydrochloride	-0.356044116268655
CPC012_MCF7_24H_X3_B5_DUO52HI53LO:N01	7611991	-0.356073277163895
CPC001_VCAP_24H_X2_B3_DUO52HI53LO:E09	Src Kinase Inhibitor II	-0.356077963736344
CPC006_MCF7_24H_X2_B4_DUO52HI53LO:N23	16759925	-0.356126912381924
CPC006_MCF7_6H_X4_B4_DUO52HI53LO:I02	A112550.cdx	-0.356298753371729
CPC012_A549_6H_X1_F1B3_DUO52HI53LO:M24	PZ0004	-0.356398212853706
HOG002_A549_24H_X1_F1B10:G11	COT-10B	-0.356461741946906
CPC012_HA1E_6H_X2_F1B3_DUO52HI53LO:H08	MLS-0091942.0001	-0.356713254668347
CPC002_PC3_24H_X4_B4_DUO52HI53LO:G23	GBR 12783 dihydrochloride	-0.356723148543517
CPC002_PC3_6H_X3_B3_DUO52HI53LO:D23	Iodophenpropit dihydrobromide	-0.356809589768692
HOG003_MCF7_6H_X4_F1B10:P19	geldanamycin	-0.356820004374134
LJP003_BT20_24H_X1_B6_DUO52HI53LO:O15	MCSF	-0.35688717857924
HOG003_MCF7_6H_X4_F1B10:O18	NU-1025	-0.35690436267822
CPC012_HA1E_6H_X1_F1B3_DUO52HI53LO:O23	5215059	-0.356934565034004
HOG003_MCF7_6H_X1_F1B10:P04	tanespimycin	-0.356947062560535
CPC008_VCAP_6H_X2_F1B3_DUO52HI53LO:N24	NCGC00182845-01	-0.356958518626522
CPD001_MCF7_24H_X1_B6_DUO52HI53LO:F24	Chlorprothixene hydrochloride	-0.356966329580604
DOSBIO002_A549_24H_X2_B11:H07	BRD-K73400194	-0.357044439121424
HSF040_HEK293T_48H_X2_B12:C22	TPM3-PDGFRB	-0.357072037825847
LJP002_HS578T_24H_X2_F2B5_DUO52HI53LO:A06	XMD15-27	-0.357103802372447
CPC010_MCF7_6H_X3_B3_DUO52HI53LO:L24	tibolone	-0.357435507555796
AML001_HL60_24H_X3_F1B10:E08	CARBAPROSTACYCLIN	-0.357697955612952
HOG002_A549_6H_X1_F1B10:D10	SID-26681509	-0.357775023693227
CPC001_VCAP_24H_X2_B3_DUO52HI53LO:D10	damnacanthal	-0.357901040419084
CPC006_HT29_6H_X2_F1B4_DUO52HI53LO:J24	BJM-ctd2-9	-0.358431664566388
CPC011_PC3_24H_X4_B5_DUO52HI53LO:C01	geldanamycin	-0.358735250315042
CPC006_VCAP_6H_X1_B4_DUO52HI53LO:A21	PJ 34 hydrochloride	-0.358780033118445
CPC012_HA1E_6H_X1_F1B3_DUO52HI53LO:B23	10162	-0.35880554890178
CPC005_A549_6H_X1_B3_DUO52HI53LO:B21	Src Kinase Inhibitor I	-0.359011758089545
CPC006_MCF7_24H_X3_F1B3_DUO52HI53LO:D10	2541665-P2	-0.359011758089545
CPC008_A549_6H_X3_F1B3_DUO52HI53LO:I24	NCGC00182840-01	-0.359049771399411
CPC012_HA1E_6H_X1_F1B3_DUO52HI53LO:O03	7736199	-0.359113821222883
DOSBIO001_A375_24H_X3_B11:J24	BRD-K73427206	-0.359129963861319
CPC006_PC3_24H_X4_B4_DUO52HI53LO:E22	2-bromo-N-[3-(butyrylamino)phenyl]benzamide	-0.359172143013362
CPC012_MCF7_6H_X1_B3_DUO52HI53LO:F24	MLS-0390837.0001	-0.359247128172549
CPD001_MCF7_24H_X2_B6_DUO52HI53LO:H10	Prednisolone	-0.359260146429353
CPC014_HA1E_6H_X2_F1B3_DUO52HI53LO:I24	F3103-0039	-0.359309615805205
OEC001_A375_72H_X2_B7_DUO52HI53LO:F01	LacZ	-0.359330445016091
LJP003_BT20_24H_X1_B6_DUO52HI53LO:B13	H2O	-0.359339297430717
AML001_CD34_24H_X3_F1B10:J12	TREPROSTINIL	-0.359575188243993
CPC011_PC3_24H_X5_B5_DUO52HI53LO:J06	felbamate	-0.359615284474948
CPD001_MCF7_24H_X2_B6_DUO52HI53LO:J10	Diethylcarbamazine citrate	-0.35962309542903
CPC005_A375_6H_X1_B3_DUO52HI53LO:D17	BMS 182874 hydrochloride	-0.35975744383924
OEC001_PC3_48H_X1_B7_DUO52HI53LO:F24	LacZ	-0.359823576583801
CPC006_HT29_6H_X1_F1B4_DUO52HI53LO:K24	2,4-dideoxy-DC-45-A2	-0.359880336183464
CPC020_MCF7_24H_X5_B5_DUO52HI53LO:P02	19-norethindrone	-0.3602234974328
CPC001_HA1E_6H_X3_B3_DUO52HI53LO:C01	Xaliproden hydrochloride	-0.360275049729741
CPC013_PC3_24H_X1_B5_DUO52HI53LO:O01	MLS-0390945.0001	-0.360412001791312
CPC008_VCAP_6H_X3_F1B3_DUO52HI53LO:A24	NCGC00181381-01	-0.360595298847103
CPC006_HA1E_6H_X5_B4_DUO52HI53LO:D08	3-(piperidin-1-yl)propyl-4-amino-5-chloro-2methoxybenzoate . Hydrochloride	-0.360725481415137
CPC004_HA1E_24H_X3_B3_DUO52HI53LO:I11	ERYTHROMYCIN ETHYLSUCCINATE	-0.360727043605953
CPC009_VCAP_6H_X1_F1B5_DUO52HI53LO:B24	citalopram	-0.360873368812423
CPC001_PC3_24H_X3_B3_DUO52HI53LO:F01	calpeptin	-0.360931169872629
NMH001_NPC_24H_X1_B6_DUO52HI53LO:P02	NaCl	-0.361190493548152
LJP002_HS578T_24H_X2_F2B5_DUO52HI53LO:A23	Nilotinib;AMN-107	-0.361280059154959
PCLB001_A375_24H_X1.A2_B11_DUO52HI53LO:I01	MW-shh-97	-0.361339422405982
CPC002_PC3_24H_X4_B4_DUO52HI53LO:H24	Ketanserin tartrate	-0.361420656328435
CPC001_PC3_24H_X5_B5_DUO52HI53LO:E24	HERNIARIN	-0.361523760922317
NMH001_NPC_24H_X3.L2_B6_DUO52HI53LO:M19	Clorgyline hydrochloride	-0.361537820639665
CPC006_PC3_24H_X3_F1B3_DUO52HI53LO:K08	Rottlerin	-0.361673731240692
CPC001_HCC515_6H_X2_B3_DUO52HI53LO:E02	Luzindole	-0.361711744550558
CPC003_PC3_6H_X5_F1B5_DUO52HI53LO:J01	Hinokitiol	-0.36189295868526
CPC008_VCAP_24H_X4_F1B5_DUO52HI53LO:I24	NCGC00182840-01	-0.362109061748196
CPC004_PC3_24H_X4_B4_DUO52HI53LO:P24	Protein Tyrosine Phosphatase Inhibitor IV	-0.362189774940376
PCLB001_A375_24H_X1.A2_B11_DUO52HI53LO:L01	SJB-shh-31	-0.362436601089368
AML001_U937_24H_X1_F1B10:M15	UTMB00042	-0.362969828888033
CPC008_HEPG2_6H_X3_B4_DUO52HI53LO:C01	NCGC00183589-01	-0.363068767639738
CPC014_HEPG2_6H_X1_F1B3_DUO52HI53LO:M01	STOCK4S-23872	-0.363092200501984
CPC008_VCAP_24H_X4_F1B5_DUO52HI53LO:M24	"3-cyclohexyl-6-{4-[3-(trifluoromethyl)phenyl]piperazin-1-yl}pyrimidine-2,4(1H,3H)-dione"	-0.363186973411512
LJP002_MCF7_6H_X1_F2B5_DUO52HI53LO:H22	Ruxolitinib;INCB018424	-0.363700413459836
CPC012_HA1E_6H_X3_F1B3_DUO52HI53LO:H01	MLS-0091944.0001	-0.363741030421063
CPC006_HT29_6H_X2_F1B4_DUO52HI53LO:H24	(-)-Gallocatechin gallate	-0.363742592611879
CPC002_HA1E_6H_X3_B3_DUO52HI53LO:D23	Iodophenpropit dihydrobromide	-0.363931096970391
CPC007_MCF7_24H_X3_B5_DUO52HI53LO:C01	geldanamycin	-0.363992022412231
CPC009_PC3_24H_X1_F1B4_DUO52HI53LO:N24	acyclovir	-0.363997229714952
CPC014_HEPG2_6H_X1_F1B3_DUO52HI53LO:J01	BL-077	-0.364503379539466
CPC006_HT29_6H_X3_B3_DUO52HI53LO:E01	5-PHENYL-4,7-DIHYDROTETRAAZOLO[1,5-A]PYRIMIDINE (Compound C)	-0.364563263520762
OEB003_PC3_96H_X3_B4_DUO52HI53LO:F23	CCRN4L	-0.365252710401066
CPC009_VCAP_6H_X1_F1B5_DUO52HI53LO:N24	acyclovir	-0.365254272591883
HSF044_HEK293T_48H_X2_B12:N20	BCR-ABL	-0.365438611108218
CPC009_HCC515_6H_X3_B4_DUO52HI53LO:F24	lovastatin	-0.365467251273186
CPC006_PC3_24H_X4_B4_DUO52HI53LO:I01	(S)-(-)-Bay K 8644	-0.365751049271498
CPC009_VCAP_6H_X1_F1B5_DUO52HI53LO:G24	ondansetron	-0.365868213582728
CPC013_HEPG2_6H_X1_B4_DUO52HI53LO:L24	7910663	-0.365999958341578
CPC005_A375_6H_X1_B3_DUO52HI53LO:I10	HTMT dimaleate	-0.366003082723211
CPC010_MCF7_6H_X3_B3_DUO52HI53LO:E23	dexchlorpheniramine	-0.366024953394641
CPC013_A375_6H_X1_B4_DUO52HI53LO:F11	NP-006304	-0.366069215467772
AML001_HL60_24H_X1_F1B10:F08	CARBAPROSTACYCLIN	-0.366082233724575
CPC014_VCAP_6H_X5_B5_DUO52HI53LO:J23	S-250	-0.366341036669826
CPC006_PC3_24H_X2_F1B3_DUO52HI53LO:K11	py 7715	-0.366533186140243
CPC006_SW480_6H_X1_F2B4_DUO52HI53LO:E24	cjd-fun-4-2	-0.366548808048407
CPC006_PC3_24H_X2_B4_DUO52HI53LO:K11	py 7715	-0.36665191264229
ASG001_MCF7_6H_X2_B7_DUO52HI53LO:G11	trifluoperazine	-0.367013820181422
CPC006_NCIH508_6H_X2_B5_DUO52HI53LO:C01	UK 356618	-0.367066413938908
CPC010_MCF7_6H_X3_B3_DUO52HI53LO:K24	balsalazide	-0.367161707578708
AML001_U937_24H_X1_F1B10:M17	KUC107191N	-0.367242941501161
CPC011_A549_6H_X1_F1B3_DUO52HI53LO:J24	atracurium	-0.36725960486987
LJP003_MCF7_3H_X1_B6_DUO52HI53LO:I01	TGFa	-0.367364271654568
CPC006_MCF7_6H_X5_B4_DUO52HI53LO:A24	Akti-1/2	-0.367443943386205
CPD001_MCF7_24H_X2_B6_DUO52HI53LO:N15	Clemizole hydrochloride	-0.367460606754913
AML001_U937_24H_X1_F1B10:P17	KUC105208KUC105208N	-0.367822514294046
CPC006_MCF7_24H_X5_B4_DUO52HI53LO:I06	TL_HRAS26	-0.368145887793041
CPC004_HT29_6H_X3_B3_DUO52HI53LO:A06	SB 216641 hydrochloride	-0.368188066945084
CPC004_A375_6H_X1_B3_DUO52HI53LO:D01	DILTIAZEM HYDROCHLORIDE	-0.36822608025495
CPC006_HCC515_6H_X3_B4_DUO52HI53LO:H10	rilmenidine hemifumarate	-0.36824326435393
CYT001_MCF7_2H_X3_B7_DUO52HI53LO:I03	KNG	-0.368519772128433
CPC002_PC3_24H_X4_B4_DUO52HI53LO:B23	Glimepiride	-0.368590591445443
CPC012_HA1E_6H_X1_F1B3_DUO52HI53LO:O17	7856979	-0.368794717712119
HSF038_HEK293T_48H_X1_B12:O10	RENILLA	-0.368844707818244
DOSBIO002_A549_24H_X2_B11:H19	BRD-K64864583	-0.368847832199877
CPC013_PC3_24H_X4_B5_DUO52HI53LO:G01	S4002	-0.368871785792395
AML001_HL60_24H_X3_F1B10:F22	ILOPROST	-0.369004051281517
CPC008_VCAP_6H_X2_F1B3_DUO52HI53LO:I24	NCGC00182840-01	-0.369064455993085
OEC001_A375_24H_X2_B7_DUO52HI53LO:G01	LacZ	-0.369135275310095
CPC012_HA1E_6H_X1_F1B3_DUO52HI53LO:M23	7826208	-0.369260250575407
CPD001_MCF7_24H_X2_B6_DUO52HI53LO:E02	Desipramine hydrochloride	-0.369298784615545
MUC.CP003_MCF7_6H_X1_B7_DUO52HI53LO:L20	SA103123	-0.369428967183578
CPC006_MCF7_6H_X5_B4_DUO52HI53LO:N24	minoxidil	-0.369459690269634
CPC009_A549_6H_X1_B4_DUO52HI53LO:P23	gatifloxacin	-0.369604453285287
CPC003_HA1E_6H_X2_B3_DUO52HI53LO:L23	Meprylcaine hydrochloride	-0.370030410647893
CPC013_HEPG2_6H_X2_B4_DUO52HI53LO:M24	HY-50877	-0.37003718014143
CPC006_NCIH596_6H_X2_F1B4_DUO52HI53LO:G24	ED_CSC_15	-0.37015903102511
CPC020_HCC515_6H_X3_B4_DUO52HI53LO:F01	hydrocortisone	-0.370296503816953
CPC012_HCC515_6H_X3_B4_DUO52HI53LO:P24	NP-000732	-0.370433455878524
CPC006_HT29_6H_X2_F1B4_DUO52HI53LO:B24	6-diazo-5-oxo-l-norleucine	-0.37050323373499
LJP001_MCF7_6H_X4_B2_DUO52HI53LO:K16	OSI-027	-0.370589674960164
CPC008_VCAP_6H_X3_F1B3_DUO52HI53LO:K24	KUC104488 KUC104488N	-0.370994282381612
CPC020_MCF7_24H_X2_F1B4_DUO52HI53LO:N15	cefuroxime	-0.371037502994199
CPC010_PC3_24H_X2_B5_DUO52HI53LO:I21	haloperidol	-0.371067705349983
CPC004_PC3_24H_X3_B3_DUO52HI53LO:D01	DILTIAZEM HYDROCHLORIDE	-0.371073433382976
LJP003_MDAMB231_3H_X1_B6_DUO52HI53LO:K10	H2O	-0.371132275903727
CPC005_MCF7_6H_X2_F1B3_DUO52HI53LO:J24	L-168,049	-0.371587914891844
CPC013_VCAP_6H_X1_F1B4_DUO52HI53LO:L24	7910663	-0.371954509003426
CPC006_PL21_6H_X2_F1B4_DUO52HI53LO:I24	Loperamide hydrochloride	-0.372011789333361
HSF034_HEK293T_48H_X1_B12:C21	ROS	-0.372378383444943
CPC009_HCC515_6H_X3_B4_DUO52HI53LO:G24	ondansetron	-0.372379424905487
CPC005_MCF7_24H_X2_B4_DUO52HI53LO:N07	Maprotiline hydrochloride	-0.372763723846322
CPC006_HCT116_6H_X2_B5_DUO52HI53LO:I07	AG 112	-0.372827773669795
AML001_U937_24H_X1_F1B10:N15	UTMB00042	-0.37306106083171
CPC011_A549_6H_X1_F1B3_DUO52HI53LO:K24	adenosine, n-(2-hydroxycyclopentyl)-, (1s-trans)- [cas]	-0.37306574740416
CPD001_MCF7_24H_X3_B6_DUO52HI53LO:B24	Zoxazolamine	-0.373115737510284
CPC002_PC3_24H_X4_B4_DUO52HI53LO:K24	MDL 72832 hydrochloride	-0.373141774023891
CPC006_PC3_24H_X4_B4_DUO52HI53LO:M01	NICARDIPINE HYDROCHLORIDE	-0.373258417604849
CPC006_MCF7_6H_X4_B4_DUO52HI53LO:M01	NICARDIPINE HYDROCHLORIDE	-0.373297993105531
CPC012_HA1E_6H_X1_F1B3_DUO52HI53LO:O21	5222415	-0.373735927264396
CPC020_HCC515_6H_X3_B4_DUO52HI53LO:L01	rifampicin	-0.373955154708964
ERG004_VCAP_24H_X1_B1_DUO45HI44LO:E24	LacZ	-0.373977546110666
CPC004_HCC515_6H_X2_B3_DUO52HI53LO:L13	PHENTERMINE	-0.374607629739947
CPC004_PC3_24H_X4_B4_DUO52HI53LO:K24	fulvestrant	-0.374848727855945
CPC013_HEPG2_6H_X2_B4_DUO52HI53LO:O24	3044	-0.375049209010717
PCLB001_PC3_24H_X2.A2_B11_DUO52HI53LO:P10	MW-shh61	-0.375447046938627
CPC004_PC3_24H_X4_B4_DUO52HI53LO:D24	RITANSERIN	-0.375600141638634
CPC006_HT29_6H_X2_F1B4_DUO52HI53LO:I24	Loperamide hydrochloride	-0.375936533394432
AML001_HL60_24H_X1_F1B10:J23	TREPROSTINIL	-0.376067236692738
CPC009_VCAP_6H_X1_F1B5_DUO52HI53LO:M24	4-(aminomethyl)benzenesulfonamide	-0.376467678272009
AML001_U937_24H_X1_F1B10:C16	TAMOXIFEN	-0.376548912194462
CPC006_PC3_24H_X4_B4_DUO52HI53LO:G17	cyclosporine	-0.376679094762495
CPC004_MCF7_6H_X2_B3_DUO52HI53LO:M14	RO 04-6790	-0.376734292171341
CPC006_A673_6H_X1_B4_DUO52HI53LO:C24	Fluspirilen	-0.376805632218623
CPC010_MCF7_24H_X2_B5_DUO52HI53LO:N21	6-aminoindazole	-0.376874889344817
CPC006_HT29_6H_X2_F1B4_DUO52HI53LO:E24	cjd-fun-4-2	-0.377020173090742
AML001_U937_24H_X1_F1B10:P20	2-(4-NITRO-PHENYLAMINO)-BENZOICACID	-0.377234193232589
CPC008_VCAP_24H_X4_F1B5_DUO52HI53LO:G24	NCGC00182913-03	-0.377238359074766
CPC020_HCC515_6H_X3_B4_DUO52HI53LO:N01	dapsone	-0.377379997708787
CPC004_MCF7_6H_X2_B3_DUO52HI53LO:D12	NICLOSAMIDE	-0.37779814411731
CPC009_HCC515_6H_X3_B4_DUO52HI53LO:E24	lamivudine	-0.377862193940783
HDAC002_PC3_6H_X2_B7_DUO52HI53LO:B10	HDAC 8 Selective Pharmacyclics	-0.378589133400681
AML001_U937_24H_X1_F1B10:B16	SECURININE	-0.378997385934034
OEC001_A375_96H_X2_B7_DUO52HI53LO:C18	HcRed	-0.379138503837782
AML001_U937_24H_X3_F1B10:E16	CARBAPROSTACYCLIN	-0.379369708078609
NMH001_NPC_24H_X1_B6_DUO52HI53LO:P04	Parnate	-0.379446255428613
ERG015_PC3_6H_X3_B10_DUO52HI53LO:P22	wortmannin	-0.379751924098356
CPC006_MCF7_24H_X5_B4_DUO52HI53LO:P14	Fumonisin B1	-0.379873774982035
ERG004_VCAP_6H_X2_B1_DUO45HI44LO:F24	LacZ	-0.379984690529999
CPC006_HT29_6H_X2_F1B4_DUO52HI53LO:C24	Fluspirilen	-0.380005519740885
PCLB001_MCF7_24H_X1_B7_DUO52HI53LO:N17	MW-shh-98	-0.38002634895177
CPC014_HCC515_6H_X3_F1B3_DUO52HI53LO:F24	S1470	-0.380092481696331
PCLB001_JURKAT_24H_X1_F2B6_DUO52HI53LO:H11	At1-shh-29	-0.380270050719129
CPC006_MCF7_24H_X5_B4_DUO52HI53LO:N16	MDV3100	-0.380434601485123
AML001_HL60_24H_X3_F1B10:L10	TREPROSTINIL	-0.380544475572543
PCLB001_HA1E_24H_X2_B12:E24	SM23	-0.380564263322884
CPC006_NCIH596_6H_X2_F1B4_DUO52HI53LO:H24	(-)-Gallocatechin gallate	-0.380789739530718
AML001_CD34_24H_X3_F1B10:F07	CARBAPROSTACYCLIN	-0.380927212322561
PCLB001_PC3_24H_X2.A2_B11_DUO52HI53LO:O02	MW-shh61	-0.381094366739916
NMH001_NPC_24H_X3.L2_B6_DUO52HI53LO:O24	KCl	-0.381102177693998
CPC006_PL21_6H_X2_F1B4_DUO52HI53LO:F23	BMS 299897	-0.381641133525656
CPC001_PC3_24H_X5_B5_DUO52HI53LO:I24	ZD 2079 hydrochloride	-0.381938470511045
MUC.CP006_MCF7_6H_X3_B7_DUO52HI53LO:N13	SA792709	-0.382019183703225
CPC008_VCAP_6H_X3_F1B3_DUO52HI53LO:I24	NCGC00182840-01	-0.382056155552547
CPC006_PC3_24H_X4_B4_DUO52HI53LO:G04	Promethazine hydrochloride	-0.382071777460711
HSF037_HEK293T_48H_X1_B12:A05	ETV6-FLT3	-0.382212374634187
CPC004_PC3_24H_X4_B4_DUO52HI53LO:C24	DROPERIDOL	-0.382380570512086
CPC006_MCF7_24H_X3_F1B3_DUO52HI53LO:P11	1541B	-0.38307210031348
CPC006_HT29_6H_X2_F1B4_DUO52HI53LO:G24	ED_CSC_15	-0.383162707380831
CPC001_PC3_24H_X1_B3_DUO52HI53LO:D06	YM 298198 hydrochloride	-0.38336006415397
OEB002_HT29_96H_X1_B4_DUO52HI53LO:E11	HcRed	-0.383392870161114
CPC008_VCAP_6H_X3_F1B3_DUO52HI53LO:D24	"4-chloro-N-{4-[2,2,2-trifluoro-1-hydroxy-1-(trifluoromethyl)ethyl]phenyl}benzamide"	-0.383504306439351
CPC001_PC3_24H_X1_B3_DUO52HI53LO:M13	FPL 55712	-0.383805288536644
CPC006_PC3_24H_X2_B4_DUO52HI53LO:C05	UNC0321	-0.383826117747529
CPC007_PC3_6H_X1_B3_DUO52HI53LO:I24	NCGC00188537-01	-0.384303627407076
CPC003_PC3_6H_X5_F1B5_DUO52HI53LO:L01	Phenformin hydrochloride	-0.384510878055385
HSF044_HEK293T_48H_X1_B12:I17	BCR-ABL	-0.384722294545871
CPC002_PC3_24H_X3_B3_DUO52HI53LO:I01	Tracazolate hydrochloride	-0.384747810329206
CPC006_NOMO1_6H_X2_B5_DUO52HI53LO:N01	4-Demethoxydaunorubicin hydrochloride (65)	-0.385010779116633
LJP003_MDAMB231_3H_X1_B6_DUO52HI53LO:H19	bFGF	-0.385024318103709
LJP003_BT20_24H_X1_B6_DUO52HI53LO:B15	MSP	-0.385134192191129
CPC004_PC3_24H_X4_B4_DUO52HI53LO:B24	MEPHENTERMINE SULFATE	-0.385366958622773
CPC006_DV90_6H_X2_B4_DUO52HI53LO:C24	Fluspirilen	-0.38552994719795
CPC002_PC3_24H_X4_B4_DUO52HI53LO:P23	CP 94253 hydrochloride	-0.385797602557827
PCLB001_PC3_24H_X2.A2_B11_DUO52HI53LO:P09	MW-shh61	-0.386264697611931
CPC012_PC3_24H_X3_F1B5_DUO52HI53LO:P01	7815359	-0.386314166987784
CPC006_DV90_6H_X2_B4_DUO52HI53LO:B24	6-diazo-5-oxo-l-norleucine	-0.386562555327591
CPC012_HA1E_6H_X1_F1B3_DUO52HI53LO:N23	7926884	-0.386748456034743
CPC004_PC3_24H_X4_B4_DUO52HI53LO:F24	COLFORSIN	-0.387004134598361
CPC008_VCAP_6H_X3_F1B3_DUO52HI53LO:N24	NCGC00182845-01	-0.387098386777617
CPC008_VCAP_6H_X3_F1B3_DUO52HI53LO:B24	KUC103885 KUC103885N	-0.387279600912319
CPC006_MCF7_24H_X2_B4_DUO52HI53LO:I13	Quinine hemisulfate salt monohydrate	-0.387312927649736
CPC020_PC3_6H_X2_B4_DUO52HI53LO:L22	westcort	-0.387351982420146
AML001_HL60_24H_X1_F1B10:F16	CARBAPROSTACYCLIN	-0.387381143315385
KDA009_PC3_96H_X1_B1_DUO45HI44LO:C03	GPR56	-0.387743571584791
CPC006_DV90_6H_X2_B4_DUO52HI53LO:G24	ED_CSC_15	-0.387906560159968
LJP001_MCF7_6H_X3_B2_DUO53HI52LO:K04	MK2206	-0.388159114341953
CPC004_HCC515_6H_X2_B3_DUO52HI53LO:F07	CAFFEINE	-0.388780866286881
CPC006_PC3_24H_X2_F1B3_DUO52HI53LO:C05	UNC0321	-0.389081327653902
CPC006_NOMO1_6H_X2_B5_DUO52HI53LO:K01	IKK-3 Inhibitor IX	-0.389318259927723
CPC014_ASC_24H_X3_B7_DUO52HI53LO:P04	13224	-0.38947135462773
CPC012_HA1E_6H_X1_F1B3_DUO52HI53LO:O13	7695534	-0.389709328362095
CPC006_DV90_6H_X2_B4_DUO52HI53LO:A24	Akti-1/2	-0.389941574063467
CPC007_MCF7_24H_X3_B5_DUO52HI53LO:M09	NCGC00183397-01	-0.39021339526552
MUC.CP002_NKDBA_24H_X1_B7_DUO52HI53LO:J04	SA90030	-0.390424811756007
CPC002_PC3_24H_X4_B4_DUO52HI53LO:L24	coumestrol	-0.390735166998198
CPC006_MCF7_24H_X3_B4_DUO52HI53LO:P11	1541B	-0.39074037430092
CPC013_PC3_24H_X4_B5_DUO52HI53LO:L01	6358492	-0.390908570178819
CPC008_HEPG2_6H_X3_B4_DUO52HI53LO:I01	NCGC00238427-01	-0.390940855455691
CPC006_A549_6H_X2_B3_DUO52HI53LO:D08	3-(piperidin-1-yl)propyl-4-amino-5-chloro-2methoxybenzoate . Hydrochloride	-0.391056457576105
CPC020_PC3_6H_X2_B4_DUO52HI53LO:B07	floxuridine	-0.391070517293452
CPC014_HEPG2_6H_X2_F1B3_DUO52HI53LO:I24	F3103-0039	-0.391244441204345
CPC017_A549_6H_X1_F1B4_DUO52HI53LO:G24	MRS 1334	-0.391461064997553
CPC014_HEPG2_6H_X2_F1B3_DUO52HI53LO:L24	341607	-0.391468875951635
LJP001_MCF7_6H_X3_B2_DUO53HI52LO:L16	OSI-027	-0.391880773596892
OEC001_A375_72H_X3_B7_DUO52HI53LO:N05	RG9MTD3	-0.391910975952676
CPC002_PC3_6H_X3_B3_DUO52HI53LO:I24	Amiloride hydrochloride	-0.39205105239588
CPC013_HEPG2_6H_X1_B4_DUO52HI53LO:F24	Prestw-550	-0.392242160405753
HOG002_A549_6H_X1_F1B10:I20	doxorubicin	-0.392743102927546
CPC009_VCAP_6H_X1_F1B5_DUO52HI53LO:K24	celecoxib	-0.392902967121091
CPC004_MCF7_6H_X2_B3_DUO52HI53LO:J02	PROTRYPTYLINE HYDROCHLORIDE	-0.393522115414658
ERG015_PC3_6H_X3_B10_DUO52HI53LO:D23	LY-294002	-0.393631468771806
CPC014_HCC515_6H_X3_F1B3_DUO52HI53LO:D24	S1483	-0.39364969433133
CPC001_PC3_24H_X3_B3_DUO52HI53LO:D01	IPRATROPIUM BROMIDE	-0.39371061977317
CPC020_MCF7_24H_X5_B5_DUO52HI53LO:J01	perphenazine	-0.393729366062967
AML001_HL60_24H_X1_F1B10:P05	KUC105208KUC105208N	-0.393731969714327
CPC005_A375_6H_X1_B3_DUO52HI53LO:I14	Fursultiamine Hydrochloride	-0.393934013059915
CPC014_HEPG2_6H_X2_F1B3_DUO52HI53LO:B24	Z2777	-0.394400066653475
AML001_U937_24H_X1_F1B10:M18	KUC107191N	-0.395040564888199
CPD001_MCF7_24H_X3_B6_DUO52HI53LO:H24	Cephalexin monohydrate	-0.395160853581062
CPC008_A549_6H_X3_F1B3_DUO52HI53LO:C23	MLS-0435534.0001	-0.3959169539362
CPC014_HCC515_6H_X3_F1B3_DUO52HI53LO:B24	Z2777	-0.395958091627699
PCLB001_JURKAT_24H_X2_B12:O15	HYDROXYL	-0.396215853112405
CPC011_PC3_24H_X5_B5_DUO52HI53LO:J12	isradipine	-0.396356971016153
LJP003_MDAMB231_3H_X1_B6_DUO52HI53LO:K09	EPR	-0.396370510003229
CPC002_VCAP_6H_X2_F1B5_DUO52HI53LO:M24	ISORESERPINE	-0.396821462418896
CPC012_HCC515_6H_X3_B4_DUO52HI53LO:N24	T-110	-0.397209927201908
CPC012_HA1E_6H_X1_F1B3_DUO52HI53LO:O12	P233	-0.397779606119622
CPC020_HA1E_6H_X1_F1B3_DUO52HI53LO:L23	warfarin	-0.398393547110468
CPC006_MCF7_24H_X3_F1B3_DUO52HI53LO:I03	1,25-DIHYDROXYVITAMIN D3	-0.398395109301284
CPC006_DV90_6H_X2_B4_DUO52HI53LO:E24	cjd-fun-4-2	-0.398446140867953
CPC012_HA1E_6H_X1_F1B3_DUO52HI53LO:H24	STK222600	-0.398992386923421
CPC002_PC3_6H_X4_B4_DUO52HI53LO:G22	AM 92016 hydrochloride	-0.399155896228871
CPC008_A549_6H_X3_F1B3_DUO52HI53LO:F24	NCGC00181233-01	-0.399223070433977
CPC005_A375_6H_X1_B3_DUO52HI53LO:J23	Ro 90-7501	-0.399239213072413
CPC009_HCC515_6H_X3_B4_DUO52HI53LO:A24	clopidogrel	-0.399239733802685
ERG012_PC3_6H_X1.A2_B12:I15	GELDANAMYCIN	-0.399466251471063
CPC006_MCF7_6H_X5_B4_DUO52HI53LO:E24	cjd-fun-4-2	-0.399467813661879
CPC010_MCF7_6H_X3_B3_DUO52HI53LO:N24	nicotinamide	-0.399529259833991
KDB009_HEPG2_96H_X1_B2_DUO53HI52LO:N22	PHF15	-0.399555296347598
CPC013_PC3_24H_X4_B5_DUO52HI53LO:I01	S1093	-0.399710994698966
DOSBIO001_A375_24H_X3_B11:H24	BRD-K27622376	-0.399810974911216
CPC004_PC3_24H_X4_B4_DUO52HI53LO:M24	Dexamethasone acetate	-0.399864089398973
CPC013_HEPG2_6H_X2_B4_DUO52HI53LO:N24	7856827	-0.400222351826201
PCLB001_PC3_24H_X2.A2_B11_DUO52HI53LO:O01	MW-shh61	-0.400361907539133
CPC020_HA1E_6H_X1_F1B3_DUO52HI53LO:F24	amoxapine	-0.400434809777232
CPC013_NPC_24H_X1_B7_DUO52HI53LO:E19	S1107	-0.400441579270769
CPC002_PC3_6H_X3_B3_DUO52HI53LO:B23	Glimepiride	-0.401158624855497
CPC014_HEPG2_6H_X2_F1B3_DUO52HI53LO:J24	P5172	-0.40165956737729
CPC006_MCF7_6H_X5_B4_DUO52HI53LO:C24	Fluspirilen	-0.401752778096002
CPC020_HCC515_6H_X3_B4_DUO52HI53LO:P01	hydroflumethiazide	-0.401949614138868
CPC006_MCF7_24H_X3_B4_DUO52HI53LO:I03	1,25-DIHYDROXYVITAMIN D3	-0.402024078567783
CPC007_HA1E_6H_X2_B3_DUO52HI53LO:I20	NCGC00188530-01	-0.402251637696706
CPC012_HA1E_6H_X1_F1B3_DUO52HI53LO:M01	7756601	-0.402382861725284
CPC010_MCF7_6H_X3_B3_DUO52HI53LO:F23	beclomethasone	-0.402514606484133
CPC008_VCAP_6H_X3_F1B3_DUO52HI53LO:M24	"3-cyclohexyl-6-{4-[3-(trifluoromethyl)phenyl]piperazin-1-yl}pyrimidine-2,4(1H,3H)-dione"	-0.402521375977671
CPC006_PC3_6H_X3_B3_DUO52HI53LO:P02	trifluoperazine	-0.402711442527
CPC006_U937_6H_X2_B5_DUO52HI53LO:K01	IKK-3 Inhibitor IX	-0.402785386225643
CPC008_VCAP_6H_X3_F1B3_DUO52HI53LO:J24	NCGC00241071-01	-0.403132192586884
CPC006_U937_6H_X2_B5_DUO52HI53LO:F01	N-Oxalylphenylalanine	-0.403591476686906
CPC009_VCAP_6H_X1_F1B5_DUO52HI53LO:L24	flunisolide	-0.40364875701684
CPC004_PC3_24H_X4_B4_DUO52HI53LO:G24	BROMHEXINE HYDROCHLORIDE	-0.403719576333851
OEC001_A375_24H_X2_B7_DUO52HI53LO:G22	BFP	-0.40372686655766
AML001_U937_24H_X1_F1B10:D16	TAMOXIFEN	-0.404499109551235
CPC014_HA1E_6H_X2_F1B3_DUO52HI53LO:O24	S2001	-0.404657411553963
CPC014_HA1E_6H_X2_F1B3_DUO52HI53LO:K24	S1018	-0.404979222862142
CPC009_HCC515_6H_X3_B4_DUO52HI53LO:K24	celecoxib	-0.406039429696206
HSF039_HEK293T_48H_X2_B12:P10	RENILLA	-0.40615763546798
KDD003_VCAP_120H_X3_F1B4_DUO52HI53LO:O01	C19orf6	-0.406283131463565
CPC004_PC3_24H_X4_B4_DUO52HI53LO:E24	ALPRENOLOL	-0.406908528520397
CPC013_HEPG2_6H_X1_B4_DUO52HI53LO:C23	S1352	-0.406969974692509
CPC010_MCF7_6H_X3_B3_DUO52HI53LO:E24	cefixime	-0.407036628167342
CPC017_A549_6H_X2_F1B4_DUO52HI53LO:H01	HEMADO	-0.407653172809548
CPC014_HA1E_6H_X2_F1B3_DUO52HI53LO:H24	F8927	-0.40781720284527
PCLB001_A375_24H_X1.A2_B11_DUO52HI53LO:O02	MW-shh61	-0.407926035472146
CPC009_VCAP_6H_X1_F1B5_DUO52HI53LO:O24	thiothixene	-0.407931242774867
CPC006_MCF7_24H_X5_B4_DUO52HI53LO:B06	CI 976	-0.408840437830013
CPC014_HA1E_6H_X2_F1B3_DUO52HI53LO:P23	13521	-0.409546027348754
CPC006_U937_6H_X2_B5_DUO52HI53LO:G01	Triacsin-c	-0.409682458680053
OEC001_A375_96H_X2_B7_DUO52HI53LO:F24	LacZ	-0.409926160447411
CPC014_HA1E_6H_X2_F1B3_DUO52HI53LO:F24	S1470	-0.409978754204897
CPC014_HEPG2_6H_X2_F1B3_DUO52HI53LO:F24	S1470	-0.410128724523271
CPC012_HA1E_6H_X1_F1B3_DUO52HI53LO:L23	5732000	-0.410597381768192
CPC004_PC3_24H_X4_B4_DUO52HI53LO:N24	L 161982	-0.411652902029807
CPC006_HT29_6H_X2_F1B4_DUO52HI53LO:J22	QS 11	-0.41218821274956
CPC014_HEPG2_6H_X1_F1B3_DUO52HI53LO:N01	EI-335	-0.412320478238682
AML001_HL60_24H_X1_F1B10:D04	TAMOXIFEN	-0.41251523136046
CPC011_PC3_6H_X1_B3_DUO52HI53LO:A10	alprazolam	-0.412651662691759
CPC006_PC3_24H_X4_B4_DUO52HI53LO:M12	PRIMA-1 MET	-0.412656349264208
CPC012_MCF7_6H_X3_B4_DUO52HI53LO:P24	NP-000732	-0.413214051385663
CPC014_HCC515_6H_X3_F1B3_DUO52HI53LO:A24	UZI/1930680	-0.413543673647924
CPC014_HEPG2_6H_X2_F1B3_DUO52HI53LO:E24	MLS-0425637.0001	-0.413562419937721
CPC006_MCF7_24H_X5_B4_DUO52HI53LO:I01	(S)-(-)-Bay K 8644	-0.413963902977536
CPC008_A549_6H_X3_F1B3_DUO52HI53LO:G24	NCGC00182913-03	-0.414024307689103
CPC002_PC3_24H_X4_B4_DUO52HI53LO:N23	Nimesulide	-0.414913194263635
CPC006_A673_6H_X1_B4_DUO52HI53LO:B24	6-diazo-5-oxo-l-norleucine	-0.415119924181672
CPC002_PC3_24H_X4_B4_DUO52HI53LO:C23	CIGLITAZONE	-0.415518282839855
CPC014_HEPG2_6H_X1_F1B3_DUO52HI53LO:L01	HO-013	-0.415748445620138
CPC007_HT29_6H_X1_B3_DUO52HI53LO:D08	NCGC00188740-01	-0.416532665409971
CPC002_PC3_24H_X4_B4_DUO52HI53LO:E24	AG 825	-0.417067455399452
CPC006_HCC515_6H_X2_B4_DUO52HI53LO:J14	erastin	-0.417697018298462
CPC002_PC3_24H_X4_B4_DUO52HI53LO:J24	SKF 89976A hydrochloride	-0.417786583905269
CPC014_ASC_24H_X2_B7_DUO52HI53LO:G07	HY-50767	-0.417827721596767
CPC011_A549_6H_X1_F1B3_DUO52HI53LO:N24	ebselen	-0.417918328664119
CPC006_DV90_6H_X2_B4_DUO52HI53LO:I24	Loperamide hydrochloride	-0.418102146450182
MUC.CP002_MCF7_24H_X1_B7_DUO52HI53LO:O10	SA1460192	-0.418183380372635
CPD001_MCF7_24H_X3_B6_DUO52HI53LO:E24	Clorgyline hydrochloride	-0.418703589914496
CPC002_PC3_24H_X4_B4_DUO52HI53LO:A24	FLUFENAMIC ACID	-0.418817109113821
PCLB001_PC3_24H_X2.A2_B11_DUO52HI53LO:O10	MW-shh61	-0.418953019714848
CPD001_MCF7_24H_X3_B6_DUO52HI53LO:D24	N6-methyladenosine	-0.419447192743103
CPC008_A549_6H_X3_F1B3_DUO52HI53LO:D24	"4-chloro-N-{4-[2,2,2-trifluoro-1-hydroxy-1-(trifluoromethyl)ethyl]phenyl}benzamide"	-0.419519053520657
CPC006_MCF7_24H_X5_B4_DUO52HI53LO:C12	PD 98059	-0.419596642331205
CPC006_MCF7_24H_X5_B4_DUO52HI53LO:J04	PALA	-0.421087493100324
NMH002_NPC_24H_X1_B6_DUO52HI53LO:K06	Anandamide	-0.421301513242171
CPC006_A673_6H_X1_B4_DUO52HI53LO:A24	Akti-1/2	-0.421305158354076
CPC008_VCAP_6H_X3_F1B3_DUO52HI53LO:F24	NCGC00181233-01	-0.422176340099355
PCLB001_HA1E_24H_X2_B12:F24	SM23	-0.422420041866714
CPC002_PC3_24H_X4_B4_DUO52HI53LO:N24	SU 4312	-0.422567929264
CPC006_U937_6H_X2_B5_DUO52HI53LO:I01	(S)-(-)-Bay K 8644	-0.422713733740197
CPC002_PC3_24H_X4_B4_DUO52HI53LO:I24	Amiloride hydrochloride	-0.423537008300441
CPC009_A549_6H_X1_B4_DUO52HI53LO:M24	4-(aminomethyl)benzenesulfonamide	-0.4236760432831
CPD001_MCF7_24H_X2_B6_DUO52HI53LO:F03	Ampyrone	-0.42415928097564
CYT001_MCF7_2H_X3_B7_DUO52HI53LO:J04	IL17	-0.425167935512763
CPC012_HCC515_6H_X2_F1B3_DUO52HI53LO:P24	NP-000732	-0.425422051885564
CPC014_HA1E_6H_X2_F1B3_DUO52HI53LO:L24	341607	-0.425509013841011
CPC006_U937_6H_X2_B5_DUO52HI53LO:P01	gemcitabine	-0.425510055301555
CPC008_VCAP_6H_X3_F1B3_DUO52HI53LO:G24	NCGC00182913-03	-0.427224299357419
CPC012_HA1E_6H_X1_F1B3_DUO52HI53LO:P16	7472-0017	-0.428382924212916
CPC010_MCF7_24H_X2_B5_DUO52HI53LO:M20	ru 24969	-0.428481862964622
DOSBIO001_A375_24H_X3_B11:O24	BRD-K42161310	-0.428545392057822
CPC014_HA1E_6H_X2_F1B3_DUO52HI53LO:B24	Z2777	-0.428610483341839
CPC012_HCC515_6H_X3_B4_DUO52HI53LO:M24	PZ0004	-0.428736500067695
CPC003_HA1E_6H_X3_B3_DUO52HI53LO:D23	H-8	-0.429141628219415
CPC002_PC3_24H_X4_B4_DUO52HI53LO:M24	ISORESERPINE	-0.42940147262521
CPC012_HA1E_6H_X1_F1B3_DUO52HI53LO:P14	7472-0056	-0.429445213968069
CPC010_MCF7_6H_X3_B3_DUO52HI53LO:A24	tramadol	-0.430552286526625
CPC004_A375_6H_X3_B3_DUO52HI53LO:C01	Verteporfin	-0.432302460971266
CPC006_DV90_6H_X2_B4_DUO52HI53LO:A23	LDE225 (NVP-LDE225)	-0.435290411272769
ERG004_VCAP_6H_X1_B1_DUO45HI44LO:E24	LacZ	-0.435655443193535
PCLB001_HA1E_24H_X2_B12:G24	SM24	-0.436033493371104
CPC004_PC3_24H_X4_B4_DUO52HI53LO:I24	AMI-193	-0.436209500203085
CPC008_HEPG2_6H_X3_B4_DUO52HI53LO:J01	Thiophene-2-carboxylic acid benzothiazol-2-ylamide MLS-0446110.0001	-0.437435299263687
CPC006_DV90_6H_X2_B4_DUO52HI53LO:J24	BJM-ctd2-9	-0.438008623293307
CPC002_PC3_24H_X4_B4_DUO52HI53LO:G24	Fasudil hydrochloride	-0.438134640019163
OEC001_A375_72H_X2_B7_DUO52HI53LO:F24	LacZ	-0.438277840844
CPC020_HA1E_6H_X1_F1B3_DUO52HI53LO:M24	danazol	-0.438306481008967
CPC014_HEPG2_6H_X2_F1B3_DUO52HI53LO:D24	S1483	-0.439083931305263
ERG004_VCAP_24H_X1_B1_DUO45HI44LO:F24	LacZ	-0.44002541163728
CPC006_U937_6H_X2_B5_DUO52HI53LO:M01	NICARDIPINE HYDROCHLORIDE	-0.440063424947146
CPC006_HT29_6H_X3_B3_DUO52HI53LO:C01	UK 356618	-0.44155063060436
CPC010_MCF7_6H_X3_B3_DUO52HI53LO:A23	nafadotride	-0.441559483018986
CPC010_MCF7_6H_X3_B3_DUO52HI53LO:C23	desoximetasone	-0.442219248273779
DOSBIO001_A375_24H_X3_B11:I24	BRD-K71151012	-0.442297357814599
ERG004_VCAP_6H_X1_B1_DUO45HI44LO:F24	LacZ	-0.442933690207147
CPC014_HA1E_6H_X2_F1B3_DUO52HI53LO:D24	S1483	-0.442979514471094
CPC006_NOMO1_6H_X2_B5_DUO52HI53LO:O01	L-690,488	-0.442982118122455
CPC014_HA1E_6H_X2_F1B3_DUO52HI53LO:A24	UZI/1930680	-0.443107614118039
CPC006_A549_6H_X2_B3_DUO52HI53LO:A11	carbamazepine	-0.443356523188119
HSF044_HEK293T_48H_X1_B12:G23	BCR-ABL	-0.444382882554494
AML001_U937_24H_X3_F1B10:F20	CARBAPROSTACYCLIN	-0.446271050521251
CPC003_HA1E_6H_X3_B3_DUO52HI53LO:E23	Vincamine	-0.447085472666868
CPC010_MCF7_6H_X3_B3_DUO52HI53LO:B24	cortisone	-0.44877472166967
CPC020_HA1E_6H_X1_F1B3_DUO52HI53LO:L24	tofranil	-0.449112154886012
KDD003_PC3_96H_X2_B4_DUO52HI53LO:O01	C19orf6	-0.452458367614743
CPC020_HA1E_6H_X1_F1B3_DUO52HI53LO:P24	proxymetacaine	-0.453367041939616
CPC006_PC3_24H_X4_B4_DUO52HI53LO:E04	CHLOROQUINE DIPHOSPHATE	-0.4544100646747
CPC014_HA1E_6H_X2_F1B3_DUO52HI53LO:N23	genistein	-0.455914454430894
AML001_U937_24H_X3_F1B10:A15	SECURININE	-0.456086295420698
CPC020_HCC515_6H_X3_B4_DUO52HI53LO:J01	perphenazine	-0.456100875868318
CPC020_HA1E_6H_X1_F1B3_DUO52HI53LO:B24	probenecid	-0.456824170216311
CPC012_HA1E_6H_X1_F1B3_DUO52HI53LO:O07	7982096	-0.457606827815328
CPC008_VCAP_6H_X3_F1B3_DUO52HI53LO:H24	NCGC00186101-01	-0.457913017215343
CPC002_PC3_24H_X4_B4_DUO52HI53LO:F24	Testosterone propionate	-0.458157760443246
CPC002_PC3_24H_X4_B4_DUO52HI53LO:A23	AZ 10417808	-0.458287943011279
CPC014_HA1E_6H_X2_F1B3_DUO52HI53LO:E24	MLS-0425637.0001	-0.458631104260615
CPC004_PC3_24H_X4_B4_DUO52HI53LO:L24	ROPINIROLE	-0.459810037596726
CPC006_PC3_24H_X4_B4_DUO52HI53LO:O12	2858522	-0.460118830648101
CPC017_A549_6H_X1_F1B4_DUO52HI53LO:L24	IPRATROPIUM BROMIDE	-0.460227142544705
CPC006_PC3_24H_X4_B4_DUO52HI53LO:I09	AICAR	-0.461855466105667
CPC014_HA1E_6H_X2_F1B3_DUO52HI53LO:M24	S1084	-0.462832356096189
CPC002_PC3_24H_X4_B4_DUO52HI53LO:C24	Oxymetazoline hydrochloride	-0.463205198971037
CPC006_MCF7_24H_X5_B4_DUO52HI53LO:C10	FPL 64176	-0.46444089190681
CPC013_PC3_24H_X4_B5_DUO52HI53LO:J01	ST4075437	-0.465016298857518
CPC014_HA1E_6H_X2_F1B3_DUO52HI53LO:J24	P5172	-0.465663045855508
CPC006_HT29_6H_X2_F1B4_DUO52HI53LO:K24	2,4-dideoxy-DC-45-A2	-0.467156500275987
CPC004_HCC515_6H_X2_B3_DUO52HI53LO:J06	VENLAFAXINE	-0.468208375425697
CPC006_PC3_24H_X3_F1B3_DUO52HI53LO:E11	BO2 (inhibits RAD51)	-0.468420833376728
CPC006_NOMO1_6H_X2_B5_DUO52HI53LO:M01	NICARDIPINE HYDROCHLORIDE	-0.468489569772649
CPC020_HA1E_6H_X1_F1B3_DUO52HI53LO:O24	piperacillin	-0.470856809589769
CPC002_PC3_24H_X4_B4_DUO52HI53LO:D24	Terconazole	-0.470939084972766
CPC013_HEPG2_6H_X2_B4_DUO52HI53LO:L24	7910663	-0.472843916308231
CPC006_U937_6H_X2_B5_DUO52HI53LO:O01	L-690,488	-0.47630208604547
CPC008_VCAP_6H_X3_F1B3_DUO52HI53LO:C24	N-benzyl-2-(indolin-1-yl)quinazolin-4-amine KUC106468N	-0.480264322686135
CPC006_DV90_6H_X2_B4_DUO52HI53LO:H24	(-)-Gallocatechin gallate	-0.483116362386611
CPC007_A375_24H_X1_B3_DUO52HI53LO:G11	"2-(1,3-Dimethyl-2,6-dioxo-7-propyl-2,3,6,7-tetrahydro-1H-purin-8-ylsulfanyl)-N-(4,5,6,7-tetrahydro-benzothiazol-2-yl)-acetamide"	-0.48924431622908
CPC012_HCC515_6H_X3_B4_DUO52HI53LO:K24	KM00799	-0.497223986919256
CPC012_MCF7_6H_X3_B4_DUO52HI53LO:F12	0238-0020	-0.497855632739354
MUC.CP003_MCF7_6H_X1_B7_DUO52HI53LO:P08	SA1457810	-0.498649225674085
CPC020_HCC515_6H_X3_B4_DUO52HI53LO:H01	nadolol	-0.499164748643498
CPC009_HCC515_6H_X3_B4_DUO52HI53LO:D24	azithromycin	-0.513221341609473
CPC002_PC3_24H_X4_B4_DUO52HI53LO:B24	Norethynodrel	-0.517296576719191
AML001_U937_24H_X3_F1B10:E19	CARBAPROSTACYCLIN	-0.525990168612462
AML001_U937_24H_X3_F1B10:I23	TREPROSTINIL	-0.535669502910882
